"","V1","V2","V3","V4","V5","V6","V7","V8","V9","V10","V11","V12","V13","V14","V15","V16","V17","V18","V19","V20","V21","V22","V23","V24","V25","V26","V27","V28","V29","V30","V31","V32","V33","V34","V35","V36","V37","V38","V39","V40","V41","V42","V43","V44","V45","V46","V47","V48","V49","V50","V51","V52","V53","V54","V55","V56","V57","V58","V59","V60"
"1",1.28250637143225,1.28250637139846,1.28250637128393,1.28250637007156,1.28250637073738,1.28250636656708,1.28250637076431,1.28250637022146,1.28250637073066,1.28250637168397,1.28250637087915,1.28250637107789,1.28250636983751,1.28250637161765,1.2825063713074,-1.16925457848798,-1.16925458159477,-1.16925457290819,-1.16925459068301,-1.16925458524093,-1.1692545861783,-1.16925458426314,-1.16925457831113,-1.16925457928727,-1.16925458144168,-1.16925458150025,-1.16925458440257,-1.16925458281234,-1.16925457870557,-1.16925458278291,-1.20440659917973,-1.20440660269115,-1.20440659885566,-1.20440660316743,-1.20440660441516,-1.20440660374444,-1.20440660279289,-1.20440660445526,-1.20440660177572,-1.20440660016727,-1.20440660488882,-1.204406603403,-1.204406603691,-1.20440660451098,-1.20440660451177,1.09115481411298,1.09115481418739,1.09115481320916,1.09115481415624,1.09115481439411,1.0911548139898,1.09115481409796,1.09115481414415,1.09115481403921,1.09115481415548,1.09115481440982,1.09115481409996,1.09115481399418,1.09115481411681,1.09115481413242
"2",1.10195023505128,1.10195023509314,1.10195023523981,1.1019502367981,1.10195023595966,1.10195024148467,1.10195023591842,1.10195023661277,1.101950235963,1.10195023473201,1.10195023574176,1.10195023549715,1.10195023709708,1.10195023482112,1.10195023520644,-1.20773181990096,-1.2077318169612,-1.2077318269866,-1.20773180464517,-1.20773181444523,-1.20773181110244,-1.20773181321883,-1.20773182061218,-1.20773181868624,-1.20773181705403,-1.20773181618683,-1.20773181328725,-1.2077318151975,-1.20773181965874,-1.20773181490748,-1.14011005458219,-1.14011004716299,-1.14011006275326,-1.14011004373541,-1.14011004386281,-1.14011004151972,-1.14011004433715,-1.14011004000221,-1.14011004907968,-1.14011004462566,-1.14011004147317,-1.14011004479873,-1.1401100423533,-1.14011004031767,-1.14011003845208,1.24589162524786,1.24589162497884,1.24589162895679,1.24589162509855,1.24589162416515,1.24589162568621,1.24589162530151,1.2458916251394,1.24589162551974,1.24589162509958,1.24589162411508,1.24589162529364,1.2458916256719,1.24589162523562,1.24589162518042
"3",1.40949966207787,1.40949966204689,1.40949966194704,1.40949966088345,1.40949966147466,1.40949965787756,1.40949966149506,1.40949966101973,1.40949966146587,1.40949966230034,1.40949966158551,1.40949966176346,1.40949966067712,1.40949966224302,1.40949966196539,-1.23531011221005,-1.23531011436412,-1.23531010750358,-1.23531012360123,-1.23531011633795,-1.23531011886957,-1.23531011723546,-1.23531011171971,-1.23531011299123,-1.23531011431813,-1.23531011504274,-1.23531011717023,-1.23531011580063,-1.23531011240688,-1.2353101158918,-1.26545408108634,-1.26545408614473,-1.26545407387429,-1.26545408885575,-1.26545408619922,-1.2654540905682,-1.26545408845113,-1.26545409106673,-1.26545408437128,-1.26545408799714,-1.26545408999657,-1.26545408745165,-1.26545408945792,-1.26545409087903,-1.26545409290254,1.09126454106622,1.09126454134143,1.0912645372364,1.09126454121873,1.09126454217717,1.09126454061743,1.09126454101083,1.0912645411769,1.09126454078682,1.09126454121751,1.09126454222941,1.09126454101879,1.09126454063222,1.09126454107851,1.09126454113456
"4",1.42606190660925,1.42606190665007,1.42606190679324,1.42606190831063,1.42606190749117,1.42606191284313,1.42606190745205,1.42606190812944,1.42606190749516,1.42606190629757,1.42606190728556,1.42606190704521,1.42606190860205,1.42606190638341,1.42606190676107,-1.20855469238808,-1.2085546896125,-1.2085546991998,-1.20855467894445,-1.2085546873494,-1.20855468456053,-1.2085546864459,-1.20855469303743,-1.20855469117006,-1.20855468974088,-1.20855468914591,-1.20855468644454,-1.20855468821636,-1.2085546921844,-1.20855468786438,-0.928895337231423,-0.928895329965772,-0.928895338271797,-0.928895328916263,-0.928895327727844,-0.928895327785834,-0.928895329457981,-0.92889532612877,-0.928895331892263,-0.928895329698746,-0.928895326821032,-0.92889532868072,-0.9288953278802,-0.928895326392351,-0.928895325676452,0.711388110924873,0.711388110805658,0.711388112492182,0.711388110857811,0.711388110454601,0.711388111119089,0.711388110947881,0.711388110876058,0.711388111043102,0.711388110857926,0.711388110433843,0.711388110944316,0.711388111112909,0.711388110919045,0.711388110893738
"5",1.29304299642047,1.29304299641875,1.29304299638075,1.29304299601216,1.29304299616384,1.29304299447702,1.29304299619537,1.2930429960255,1.29304299618222,1.29304299648669,1.29304299630852,1.29304299633904,1.29304299594474,1.29304299645667,1.29304299640219,-1.10139533773226,-1.10139533944408,-1.10139533499115,-1.10139535992121,-1.1013953436074,-1.10139534838639,-1.10139534604965,-1.10139533717346,-1.10139533767226,-1.10139533979733,-1.10139534305746,-1.10139534520993,-1.10139534372515,-1.10139533815259,-1.10139534319975,-1.26992549246692,-1.26992550716339,-1.2699255013374,-1.26992550551174,-1.26992550939555,-1.26992550612542,-1.26992550443134,-1.2699255096256,-1.26992550294145,-1.26992550373647,-1.26992550960195,-1.26992550795584,-1.2699255069542,-1.26992550920134,-1.26992550892202,1.07827785209196,1.07827785211872,1.07827785185774,1.07827785210823,1.07827785218161,1.07827785204561,1.07827785208519,1.07827785210335,1.07827785206267,1.07827785210771,1.07827785218996,1.07827785208556,1.07827785204766,1.07827785209285,1.07827785209793
"6",1.57762366628567,1.57762366625701,1.57762366615003,1.57762366502401,1.57762366562349,1.57762366158445,1.5776236656567,1.57762366515246,1.57762366562425,1.57762366651543,1.57762366579339,1.57762366596659,1.57762366480813,1.57762366644995,1.57762366617651,-1.66524226483139,-1.66524226751786,-1.66524225928578,-1.66524228734529,-1.66524227141558,-1.66524227643315,-1.66524227377396,-1.66524226404692,-1.66524226549357,-1.66524226768031,-1.66524227026753,-1.66524227321047,-1.66524227121342,-1.66524226523302,-1.66524227105517,-1.05188759710966,-1.05188761015356,-1.05188759489529,-1.05188761207575,-1.05188761374216,-1.05188761413312,-1.05188761107573,-1.05188761704189,-1.05188760657582,-1.05188761054039,-1.05188761584545,-1.0518876124128,-1.05188761387024,-1.05188761657876,-1.05188761793564,1.1395062154276,1.13950621565028,1.13950621227519,1.1395062155497,1.13950621633698,1.13950621506628,1.13950621538339,1.13950621551652,1.13950621520153,1.13950621554931,1.13950621637672,1.13950621539005,1.13950621507776,1.13950621543739,1.13950621548292
"7",1.15582103369895,1.15582103368819,1.15582103366337,1.15582103338692,1.15582103355592,1.15582103274152,1.15582103355395,1.15582103343239,1.15582103354724,1.15582103375983,1.15582103355394,1.15582103360934,1.15582103333229,1.15582103374794,1.15582103366361,-1.04931402274819,-1.04931402278213,-1.04931402176301,-1.04931402743179,-1.04931402241147,-1.04931402474936,-1.04931402431593,-1.04931402229264,-1.04931402300885,-1.04931402286294,-1.04931402387432,-1.04931402407533,-1.04931402370916,-1.04931402282075,-1.04931402383777,-1.24999253358644,-1.24999253698827,-1.24999252788718,-1.24999253914437,-1.24999253762907,-1.24999254039795,-1.24999253893415,-1.24999254096224,-1.24999253601471,-1.24999254013761,-1.24999253968284,-1.24999253814643,-1.24999253974116,-1.24999254071299,-1.24999254218016,1.14348552821986,1.14348552837754,1.14348552572052,1.14348552830205,1.14348552890315,1.14348552796708,1.14348552818791,1.14348552828005,1.14348552805449,1.14348552830236,1.14348552892958,1.14348552819282,1.14348552797466,1.14348552822548,1.14348552825627
"8",1.08751777124035,1.08751777125472,1.08751777133681,1.08751777217173,1.08751777176662,1.08751777508729,1.08751777172379,1.08751777210207,1.08751777175002,1.08751777107808,1.08751777156243,1.08751777145671,1.0875177723286,1.08751777113382,1.08751777130573,-1.424401090207,-1.42440108743773,-1.42440109484828,-1.42440107473896,-1.42440108277714,-1.42440108163543,-1.42440108360897,-1.42440109031156,-1.42440108979916,-1.42440108743776,-1.42440108652648,-1.4244010837725,-1.42440108528942,-1.42440108993065,-1.42440108551725,-0.756369538447807,-0.756369532258049,-0.756369521043608,-0.756369537265712,-0.756369530186803,-0.756369538914177,-0.756369537794825,-0.756369536881238,-0.756369533690085,-0.756369541536752,-0.75636953440727,-0.756369533326314,-0.756369536890167,-0.756369536719122,-0.756369539851804,1.0932528498836,1.09325285015975,1.09325284544937,1.09325285002797,1.09325285108373,1.09325284944145,1.09325284982855,1.09325284998938,1.09325284959703,1.09325285002808,1.09325285112973,1.09325284983731,1.0932528494547,1.09325284989418,1.09325284994842
"9",1.14649458444247,1.1464945844516,1.14649458447071,1.14649458468877,1.14649458455351,1.14649458518178,1.14649458455623,1.14649458465076,1.1464945845615,1.14649458439433,1.1464945845588,1.14649458451405,1.14649458473173,1.14649458440337,1.14649458447136,-1.04381435357634,-1.04381435409326,-1.04381435404259,-1.04381435804228,-1.04381435630165,-1.04381435582048,-1.04381435533699,-1.04381435382962,-1.04381435319054,-1.04381435417486,-1.0438143546357,-1.04381435519476,-1.04381435503515,-1.04381435368125,-1.04381435464003,-1.26962930363616,-1.26962930445264,-1.26962931671266,-1.26962930024144,-1.26962930376119,-1.26962929846381,-1.26962930014458,-1.26962929889801,-1.26962930419418,-1.26962929754111,-1.26962930104911,-1.26962930280753,-1.26962929982026,-1.2696292991559,-1.26962929674791,1.16694907190575,1.16694907166791,1.16694907552744,1.16694907177881,1.16694907089932,1.16694907228909,1.16694907195341,1.16694907181306,1.166949072151,1.16694907177903,1.16694907085783,1.16694907194611,1.16694907227721,1.16694907189619,1.16694907184887
"10",1.29908981653367,1.29908981655,1.29908981659537,1.29908981708776,1.29908981680327,1.29908981838211,1.29908981679898,1.2990898170173,1.29908981681191,1.29908981642871,1.29908981677358,1.29908981668478,1.29908981718381,1.29908981645304,1.29908981659006,-1.29780376174018,-1.29780376146151,-1.2978037634443,-1.29780376631523,-1.29780376286971,-1.29780376335504,-1.29780376308455,-1.29780376185445,-1.29780376115437,-1.2978037616586,-1.29780376279598,-1.29780376272655,-1.29780376280211,-1.29780376184753,-1.29780376238305,-1.30809111323136,-1.30809111603973,-1.30809112378547,-1.30809111284772,-1.30809111628068,-1.30809111167741,-1.30809111263776,-1.30809111267341,-1.30809111533268,-1.30809111141339,-1.30809111397024,-1.30809111510836,-1.30809111286603,-1.30809111273267,-1.30809111093569,1.3068050597908,1.30680505960211,1.3068050625078,1.30680505968754,1.30680505901564,1.30680506009655,1.30680505982801,1.30680505971556,1.30680505998183,1.3068050596879,1.30680505898228,1.30680505982231,1.30680506008688,1.3068050597824,1.30680505974381
"11",-1.25211544175936,-1.2521154416897,-1.25211544141582,-1.25211543855312,-1.25211544006307,-1.25211542970288,-1.25211544015511,-1.25211543886841,-1.25211544007194,-1.25211544234119,-1.25211544052323,-1.25211544095512,-1.25211543800465,-1.25211544217185,-1.25211544148828,-1.01597810667841,-1.0159780998934,-1.01597812052474,-1.01597806760261,-1.0159780916211,-1.01597808464408,-1.01597808988442,-1.01597810787295,-1.01597810477523,-1.01597809990877,-1.01597809713053,-1.01597809031629,-1.0159780945457,-1.01597810599396,-1.0159780946047,1.21116275523805,1.21116277353065,1.21116275688451,1.21116277458951,1.21116277689551,1.21116277681612,1.21116277311846,1.21116278046323,1.21116276812429,1.21116276949737,1.21116278019254,1.21116277568378,1.21116277659616,1.21116278009054,1.21116278132919,1.05693076352566,1.05693076322079,1.05693076717824,1.05693076334805,1.05693076237997,1.05693076403053,1.05693076358713,1.05693076339768,1.05693076382799,1.05693076335067,1.05693076231643,1.05693076357899,1.05693076401268,1.0569307635101,1.05693076344578
"12",-1.4265947240247,-1.4265947240054,-1.42659472394395,-1.42659472329097,-1.42659472365751,-1.42659472148303,-1.4265947236687,-1.42659472337604,-1.42659472365106,-1.42659472416217,-1.42659472371814,-1.42659472382968,-1.42659472316394,-1.42659472412782,-1.42659472395461,-0.981695622676956,-0.98169562118282,-0.981695625461526,-0.981695620928483,-0.981695619913361,-0.981695620650649,-0.981695621237463,-0.981695622633902,-0.9816956221684,-0.981695621363982,-0.981695622192509,-0.981695620937163,-0.981695621541013,-0.981695622651899,-0.981695621426788,1.03583046092375,1.03583045831978,1.03583046502884,1.03583045674602,1.03583045714785,1.03583045584166,1.0358304568935,1.03583045509849,1.03583045894649,1.0358304547057,1.03583045641897,1.03583045729723,1.03583045615492,1.03583045540093,1.0358304544188,1.37245988816717,1.37245988824451,1.37245988675803,1.37245988820474,1.37245988852912,1.3724598880457,1.37245988815161,1.37245988819501,1.37245988808401,1.37245988820528,1.37245988854018,1.37245988815426,1.37245988804893,1.37245988816937,1.3724598881838
"13",-1.32355714848773,-1.32355714850145,-1.32355714855484,-1.32355714912014,-1.3235571488274,-1.32355715093058,-1.32355714880758,-1.32355714905889,-1.32355714882455,-1.32355714837451,-1.32355714872502,-1.32355714864335,-1.32355714922766,-1.32355714840923,-1.32355714854006,-0.795073721304412,-0.795073722995015,-0.795073718424193,-0.795073728873681,-0.795073725307883,-0.795073725874695,-0.795073724768619,-0.795073721249609,-0.795073721622098,-0.795073722951146,-0.795073723162799,-0.795073724776773,-0.79507372390594,-0.795073721443842,-0.795073723803878,1.24253198845815,1.24253198675387,1.24253199456453,1.24253198454313,1.24253198495622,1.24253198336015,1.24253198478262,1.24253198317511,1.24253198716615,1.24253198647966,1.24253198350479,1.24253198551216,1.24253198401722,1.242531983165,1.24253198224224,0.876098886798284,0.876098886963419,0.876098884594769,0.876098886891276,0.876098887451115,0.876098886527814,0.876098886765158,0.876098886865629,0.876098886632353,0.876098886890173,0.876098887483469,0.876098886769871,0.876098886536939,0.876098886806136,0.876098886840149
"14",-1.14244216876622,-1.14244216875649,-1.14244216876286,-1.14244216879574,-1.14244216884617,-1.14244216954956,-1.14244216881522,-1.14244216883253,-1.14244216882019,-1.14244216877439,-1.14244216870591,-1.14244216874012,-1.14244216879549,-1.14244216878882,-1.14244216874386,-1.33839187819256,-1.3383918798139,-1.33839187659121,-1.3383918989802,-1.33839188495273,-1.33839188802118,-1.33839188592894,-1.33839187801377,-1.33839187776845,-1.3383918801642,-1.33839188310608,-1.33839188512778,-1.33839188390934,-1.33839187859512,-1.33839188319564,1.20231517874595,1.20231516762071,1.2023151656302,1.20231517081204,1.20231516425857,1.20231517119745,1.20231517171205,1.20231516813931,1.20231517047299,1.20231517475356,1.20231516675468,1.20231516742827,1.2023151696642,1.20231516824857,1.2023151701608,1.27851888186626,1.2785188817414,1.27851888403216,1.27851888180349,1.27851888130081,1.27851888206529,1.27851888189239,1.27851888182026,1.27851888200084,1.2785188818034,1.27851888127917,1.2785188818885,1.27851888205933,1.27851888186257,1.27851888183948
"15",-1.0962638914874,-1.0962638914618,-1.09626389137215,-1.09626389043286,-1.09626389095053,-1.09626388775974,-1.09626389097179,-1.09626389054749,-1.09626389094598,-1.09626389168381,-1.09626389105709,-1.09626389121166,-1.09626389025015,-1.09626389163218,-1.09626389139087,-1.38877623266228,-1.38877623122859,-1.3887762366259,-1.38877622814006,-1.38877623100315,-1.38877622935337,-1.38877623024763,-1.3887762330974,-1.38877623182634,-1.38877623134252,-1.38877623144419,-1.38877623011983,-1.38877623102904,-1.38877623259768,-1.38877623073166,1.19837425248629,1.19837425321095,1.19837424443907,1.19837425574234,1.19837425112522,1.19837425698198,1.19837425569968,1.1983742562462,1.19837425243912,1.19837425584567,1.19837425529719,1.19837425372981,1.19837425563247,1.19837425619189,1.19837425831605,1.28666586795802,1.28666586769566,1.28666587147402,1.28666586781057,1.28666586691876,1.28666586838719,1.28666586801036,1.28666586785111,1.28666586822187,1.28666586781161,1.28666586686901,1.28666586800288,1.28666586837295,1.28666586794579,1.28666586789141
"16",-1.50783305767849,-1.50783305772576,-1.50783305786138,-1.50783305933375,-1.50783305849645,-1.50783306333582,-1.50783305847802,-1.50783305912981,-1.50783305851766,-1.50783305736741,-1.50783305837982,-1.50783305812298,-1.50783305962024,-1.50783305744352,-1.50783305784272,-0.80879453907189,-0.808794540865465,-0.808794533231773,-0.808794543684708,-0.808794540121465,-0.808794542763631,-0.808794541723303,-0.80879453832206,-0.808794540453614,-0.808794540654478,-0.80879454034613,-0.808794541967429,-0.808794540740382,-0.8087945391167,-0.808794541367805,1.11018707015757,1.11018707107523,1.11018710500739,1.11018705984647,1.11018707092226,1.11018705486291,1.11018705985019,1.11018705670077,1.11018707130036,1.11018705845369,1.11018706088337,1.11018706703756,1.1101870590693,1.11018705699159,1.11018705035164,1.20644053449449,1.2064405352824,1.20644052313763,1.20644053492497,1.20644053773342,1.20644053321534,1.20644053433617,1.20644053480762,1.20644053368972,1.20644053492254,1.20644053787834,1.20644053435949,1.20644053325654,1.20644053452833,1.20644053468737
"17",-1.19004599623365,-1.19004599621164,-1.19004599614278,-1.19004599541362,-1.19004599582858,-1.19004599346034,-1.19004599583911,-1.19004599551081,-1.19004599581984,-1.19004599638873,-1.19004599588497,-1.19004599601276,-1.19004599527088,-1.19004599635135,-1.19004599615371,-1.46957761247641,-1.46957761181801,-1.46957761526188,-1.46957761176331,-1.4695776128396,-1.46957761140832,-1.46957761176739,-1.46957761291089,-1.46957761173112,-1.46957761192681,-1.46957761219202,-1.46957761161981,-1.46957761213585,-1.46957761248475,-1.46957761174778,1.19694050685182,1.19694050640573,1.1969404966581,1.19694050955388,1.19694050444789,1.19694051093844,1.19694050962574,1.19694051001207,1.19694050605265,1.19694051080016,1.19694050861559,1.19694050711847,1.19694050944974,1.19694050990606,1.19694051230855,1.46268309998901,1.46268309972128,1.46268310375179,1.46268309984122,1.4626830989033,1.46268310042563,1.46268310004339,1.4626830998818,1.46268310026248,1.46268309984243,1.46268309885191,1.46268310003571,1.46268310041118,1.4626830999774,1.46268309992333
"18",-1.12951531820725,-1.1295153181747,-1.12951531807975,-1.1295153170558,-1.12951531764001,-1.12951531429257,-1.1295153176524,-1.12951531719712,-1.12951531762515,-1.12951531842424,-1.12951531771639,-1.12951531789681,-1.12951531685643,-1.12951531837219,-1.12951531809294,-1.15788803137647,-1.15788802948385,-1.15788803552539,-1.15788802965501,-1.15788802845212,-1.15788802911179,-1.15788802978684,-1.15788803145381,-1.15788803049679,-1.15788802976264,-1.15788803092188,-1.15788802935159,-1.15788803017948,-1.15788803136993,-1.15788802984315,1.19842226432482,1.19842226310917,1.1984222702258,1.19842226111234,1.19842226272242,1.19842226011676,1.19842226119126,1.19842225996929,1.19842226351791,1.19842225979438,1.19842226111626,1.19842226220533,1.19842226077042,1.19842226016122,1.19842225888968,1.08898108612962,1.08898108625915,1.08898108413213,1.08898108619826,1.08898108668123,1.08898108592034,1.08898108610279,1.0889810861796,1.08898108599365,1.08898108619795,1.08898108670527,1.08898108610662,1.08898108592701,1.08898108613437,1.08898108615946
"19",-1.01812981756802,-1.01812981754582,-1.01812981749688,-1.01812981695263,-1.01812981729454,-1.01812981578964,-1.01812981728736,-1.0181298170465,-1.01812981727471,-1.01812981769033,-1.01812981727285,-1.01812981738669,-1.01812981684349,-1.01812981766821,-1.01812981749546,-1.22299712913167,-1.22299712894892,-1.22299713063492,-1.22299713819016,-1.2229971311264,-1.22299713260703,-1.22299713198313,-1.22299712914488,-1.22299712843609,-1.22299712925228,-1.22299713121586,-1.22299713138364,-1.22299713125232,-1.22299712931944,-1.22299713072262,1.21600844182706,1.21600843595903,1.21600843320244,1.21600843819622,1.21600843417438,1.21600843865851,1.21600843865186,1.21600843691072,1.21600843741895,1.21600843987785,1.2160084361071,1.21600843604732,1.21600843761496,1.21600843698874,1.21600843830736,1.02511851073428,1.0251185106212,1.0251185125174,1.0251185106749,1.02511851024742,1.02511851091656,1.02511851075776,1.02511851069099,1.02511851085361,1.02511851067507,1.02511851022671,1.02511851075439,1.02511851091082,1.0251185107303,1.02511851070856
"20",-1.49164820262532,-1.49164820261295,-1.49164820256882,-1.49164820210742,-1.4916482023607,-1.49164820078453,-1.49164820237164,-1.49164820216298,-1.49164820235891,-1.49164820272166,-1.49164820241512,-1.49164820249039,-1.49164820201761,-1.49164820269606,-1.49164820257829,-1.19187477568196,-1.19187477480996,-1.19187477769592,-1.1918747723526,-1.19187477422957,-1.19187477354776,-1.19187477409382,-1.19187477585016,-1.19187477530539,-1.19187477486696,-1.19187477485327,-1.19187477403926,-1.19187477454896,-1.19187477562954,-1.19187477445262,1.21953578317037,1.2195357866588,1.21953578789966,1.2195357853974,1.21953578701063,1.21953578513785,1.21953578517326,1.21953578614084,1.21953578568312,1.21953578571165,1.2195357862293,1.21953578650617,1.21953578566862,1.21953578600667,1.21953578550827,1.46398719129413,1.46398719135592,1.46398719039989,1.4639871913279,1.4639871915486,1.46398719119405,1.46398719128195,1.46398719131874,1.4639871912316,1.46398719132772,1.46398719155957,1.46398719128383,1.46398719119721,1.4639871912969,1.46398719130951
"21",0.0959729925475992,0.0959729925808524,0.0959729927153645,0.0959729941214342,0.0959729933880357,0.0959729985603306,0.0959729933397013,0.095972993970591,0.0959729933810724,0.0959729922638977,0.0959729931457887,0.0959729929382085,0.0959729943896348,0.0959729923484396,0.0959729926780211,0.18159266451762,0.181592668753819,0.181592657396518,0.18159268505021,0.181592675136411,0.181592676404011,0.181592673590627,0.18159266437605,0.181592665298615,0.181592668655909,0.181592669446292,0.181592673540599,0.181592671319891,0.181592664884697,0.181592671082484,-0.237481004027119,-0.237480996722782,-0.237480986293162,-0.237481001745424,-0.23748099458405,-0.237481003267226,-0.237481002404528,-0.237481001135047,-0.237480998551038,-0.23748100756609,-0.237480998312463,-0.237480997728736,-0.237481001311614,-0.237481000909818,-0.237481004044117,-0.0400846633926207,-0.0400846631511461,-0.0400846674522908,-0.0400846632693665,-0.0400846623162997,-0.0400846637775718,-0.0400846634416484,-0.0400846633021573,-0.0400846636479721,-0.0400846632689231,-0.0400846622764867,-0.0400846634339571,-0.0400846637662461,-0.0400846633844909,-0.0400846633383336
"22",-0.0241971578153261,-0.0241971578255931,-0.0241971578408552,-0.024197158020961,-0.0241971578893334,-0.0241971582395921,-0.0241971579002481,-0.0241971579786207,-0.0241971579032628,-0.0241971577711888,-0.0241971579342447,-0.0241971578850605,-0.0241971580580415,-0.0241971577744222,-0.0241971578462998,-0.0463678861536573,-0.0463678863625074,-0.0463678859195689,-0.0463678774743023,-0.0463678856781979,-0.0463678826080158,-0.0463678833171656,-0.0463678865320193,-0.0463678864179839,-0.0463678860769011,-0.0463678840527003,-0.0463678838985554,-0.0463678842259784,-0.0463678859838277,-0.0463678844879063,-0.00880856001425103,-0.00880855363708855,-0.00880856405194896,-0.00880855183860371,-0.00880855315015738,-0.0088085504454429,-0.00880855228926791,-0.00880854933394648,-0.00880855566784339,-0.00880855141118697,-0.00880855053857948,-0.00880855247410428,-0.00880855108468109,-0.00880854964505906,-0.00880854807738699,0.0793735953377879,0.0793735951399176,0.0793735980780731,0.0793735952278545,0.0793735945413745,0.0793735956607609,0.0793735953776595,0.0793735952580533,0.0793735955385609,0.0793735952287647,0.0793735945035293,0.0793735953719776,0.079373595650061,0.0793735953289198,0.0793735952885914
"23",0.322097046923816,0.322097046909959,0.322097046874632,0.322097046493832,0.322097046726299,0.322097045623499,0.322097046724811,0.322097046553789,0.322097046715738,0.322097047008149,0.322097046723875,0.32209704680015,0.322097046418112,0.322097046991845,0.322097046876279,-0.282676701794404,-0.282676702010528,-0.282676700593745,-0.282676698661802,-0.282676700855962,-0.282676700787628,-0.282676700919939,-0.282676701665928,-0.282676702237181,-0.282676701871872,-0.28267670111041,-0.282676701176728,-0.282676701097747,-0.282676701725252,-0.282676701385315,0.135980160756719,0.135980163148933,0.135980173620791,0.135980159194935,0.135980163552027,0.135980157636465,0.135980159029579,0.135980158714881,0.135980162647306,0.135980157975855,0.13598016024161,0.13598016194166,0.135980159151454,0.135980158789384,0.135980156488465,-0.175400506221384,-0.175400505969873,-0.175400509938869,-0.175400506085649,-0.175400505173279,-0.175400506628722,-0.175400506272392,-0.175400506122551,-0.175400506481002,-0.17540050608611,-0.175400505127519,-0.175400506264932,-0.175400506615756,-0.17540050621125,-0.175400506161115
"24",0.295490970554045,0.295490970592742,0.295490970730315,0.295490972186105,0.295490971402426,0.29549097655384,0.295490971363615,0.295490972013982,0.295490971405127,0.29549097025547,0.295490971199967,0.295490970971005,0.295490972465639,0.295490970338416,0.295490970698656,0.236940709986853,0.236940713161727,0.236940703222184,0.236940726675604,0.236940716614028,0.236940719591946,0.236940717286085,0.236940709414337,0.236940711023127,0.236940713092972,0.23694071405763,0.236940717188708,0.236940715237924,0.236940710269159,0.236940715339904,-0.200993793782587,-0.200993786402169,-0.200993796052449,-0.200993785018464,-0.200993785095151,-0.200993783685445,-0.200993785616963,-0.200993782383509,-0.200993788636862,-0.200993787134485,-0.200993782818328,-0.200993785199701,-0.200993784149807,-0.200993782552649,-0.200993781465063,-0.331437899745206,-0.331437899941118,-0.33143789725366,-0.331437899857503,-0.331437900501652,-0.331437899423044,-0.331437899706332,-0.331437899826414,-0.33143789955107,-0.331437899855981,-0.331437900540532,-0.331437899711865,-0.331437899434076,-0.331437899755168,-0.331437899796282
"25",-0.12342679576096,-0.123426795776752,-0.123426795865305,-0.12342679676462,-0.123426796324837,-0.123426799858089,-0.123426796279734,-0.123426796688234,-0.123426796307783,-0.123426795585146,-0.1234267961114,-0.12342679599585,-0.123426796934309,-0.123426795644875,-0.123426795832364,0.240074936305059,0.240074934354929,0.240074941161361,0.240074913543023,0.240074931451863,0.240074924984335,0.240074927533325,0.240074937311975,0.240074935780245,0.240074934042336,0.240074930742775,0.240074928348949,0.240074930200911,0.24007493589551,0.240074930373463,-0.138441341995311,-0.138441353682488,-0.138441330338585,-0.138441358394744,-0.138441354630417,-0.138441361616872,-0.13844135751095,-0.13844136324159,-0.138441349872984,-0.138441357409915,-0.138441361045274,-0.138441356299496,-0.138441359834604,-0.138441362777718,-0.13844136639297,0.0217932208203956,0.0217932213115732,0.0217932141189534,0.0217932210942459,0.0217932227846455,0.021793220017306,0.0217932207208993,0.0217932210188466,0.0217932203215749,0.0217932210917728,0.0217932228799605,0.0217932207348476,0.0217932200441437,0.0217932208424071,0.0217932209425394
"26",-0.384463979804033,-0.384463979780919,-0.38446397969521,-0.384463978803262,-0.384463979288478,-0.384463976212155,-0.384463979311787,-0.384463978907781,-0.384463979286923,-0.384463979989227,-0.384463979402299,-0.384463979545411,-0.384463978630304,-0.384463979939058,-0.384463979715042,0.161194992186164,0.161194993712721,0.1611949882709,0.161194998521967,0.161194994205527,0.161194996471896,0.16119499534045,0.161194991714526,0.161194992926341,0.161194993659223,0.161194993904517,0.161194995370607,0.161194994367916,0.16119499229703,0.161194994532559,0.258937859385112,0.258937858962994,0.258937835310125,0.258937866629603,0.258937857631215,0.258937870097816,0.258937866579225,0.258937868449177,0.258937858386255,0.258937866457648,0.258937865913231,0.258937861411155,0.258937866892308,0.258937868347545,0.258937873211071,-0.0356688778249169,-0.0356688784339362,-0.0356688693454451,-0.0356688781625424,-0.035668880283231,-0.0356688768321752,-0.035668877702823,-0.0356688780700272,-0.0356688772077038,-0.035668878160055,-0.0356688803978536,-0.0356688777205082,-0.0356688768647621,-0.035668877852289,-0.0356688779766627
"27",0.0825767856456981,0.082576785659232,0.082576785695496,0.0825767860897495,0.0825767858583033,0.082576787083679,0.0825767858561662,0.0825767860315511,0.0825767858663374,0.0825767855604912,0.0825767858411773,0.0825767857685526,0.0825767861677213,0.0825767855797719,0.0825767856921934,-0.497016080197209,-0.497016080135479,-0.49701608152718,-0.497016081938508,-0.497016081525979,-0.497016080716164,-0.497016080667991,-0.497016080483426,-0.497016079727473,-0.497016080215516,-0.497016080542855,-0.497016080539972,-0.497016080683646,-0.497016080245201,-0.497016080365834,0.178590672624025,0.17859067110788,0.178590659600797,0.178590675149868,0.178590670167776,0.178590676826086,0.178590675275874,0.178590675804887,0.178590671247268,0.178590676636425,0.178590674111571,0.178590672294373,0.178590675195494,0.17859067568737,0.178590678269051,0.23584862125779,0.235848620975256,0.235848625379204,0.235848621104148,0.235848620089677,0.235848621716343,0.235848621315029,0.23584862114606,0.235848621548054,0.235848621105038,0.23584862003723,0.235848621306713,0.23584862170154,0.235848621246016,0.235848621189472
"28",-0.428534432434117,-0.428534432442042,-0.428534432471875,-0.428534432784379,-0.428534432617199,-0.428534433736451,-0.428534432608404,-0.428534432748575,-0.428534432617275,-0.428534432370307,-0.428534432572309,-0.428534432523232,-0.42853443284401,-0.428534432387836,-0.428534432464567,0.335009832911976,0.33500983191383,0.335009834409719,0.335009830897778,0.335009830378284,0.335009831404813,0.3350098317735,0.335009832759675,0.335009832717094,0.335009832022207,0.335009832475789,0.335009831616,0.335009831976874,0.335009832883169,0.335009831968179,0.183339370069457,0.183339370805577,0.183339357408609,0.183339374925611,0.183339370824352,0.183339376827984,0.183339374889861,0.183339376541213,0.18333937039509,0.183339377118482,0.183339374460529,0.18333937238337,0.183339375342806,0.183339376268448,0.183339378891398,-0.0898147727958562,-0.089814773074161,-0.0898147686256936,-0.0898147729458109,-0.0898147739617443,-0.0898147723457148,-0.0898147727397949,-0.0898147729050984,-0.0898147725096554,-0.0898147729450467,-0.0898147740122121,-0.0898147727481715,-0.0898147723600104,-0.0898147728073427,-0.0898147728627832
"29",0.0654926984508869,0.0654926984509098,0.0654926984705302,0.0654926986625572,0.0654926985925116,0.0654926995609605,0.0654926985727792,0.0654926986594182,0.0654926985802729,0.0654926984188809,0.0654926984992417,0.0654926984884651,0.0654926986962867,0.0654926984359629,0.0654926984575821,-0.0867525082786044,-0.0867525078843251,-0.0867525097551259,-0.0867524930928551,-0.0867525063556931,-0.086752501621867,-0.086752503005693,-0.0867525089750449,-0.0867525082686872,-0.0867525075509206,-0.086752504658811,-0.0867525037877776,-0.0867525046825679,-0.0867525080060604,-0.0867525048742771,0.00126361731380596,0.0012636270062264,0.0012636168601681,0.0012636279884401,0.00126362841025374,0.00126362930632956,0.00126362731399055,0.00126363132396546,0.00126362418746201,0.00126362778993885,0.00126363032204956,0.00126362826528332,0.00126362911165125,0.0012636309446929,0.00126363207101646,0.0199961794959634,0.019996179335854,0.0199961816676704,0.0199961794066211,0.019996178856541,0.0199961797571783,0.0199961795278039,0.0199961794310872,0.0199961796572578,0.0199961794071729,0.019996178826791,0.0199961795231448,0.0199961797486334,0.0199961794885769,0.0199961794554947
"30",0.0463905660156398,0.0463905660086319,0.0463905659618052,0.0463905654901405,0.0463905657126371,0.0463905637862456,0.0463905657398405,0.0463905655253408,0.0463905657246496,0.0463905661060651,0.0463905658408163,0.0463905658966978,0.0463905654018663,0.0463905660732972,0.0463905659811996,0.102271034800747,0.102271033573164,0.102271037540666,0.102271019398576,0.102271031231051,0.10227102737633,0.102271029008624,0.102271035364264,0.102271034588354,0.102271033356453,0.102271031108377,0.1022710295735,0.102271030724692,0.102271034524038,0.102271030902286,0.0284262674155107,0.0284262579837951,0.0284262667911033,0.0284262573179889,0.0284262555927111,0.0284262561619967,0.0284262580152447,0.028426253979449,0.0284262605566812,0.0284262581444217,0.0284262546717835,0.0284262566594524,0.0284262560995295,0.028426254311567,0.0284262536827293,-0.177087854994797,-0.177087854881051,-0.177087856518636,-0.177087854931244,-0.177087854542319,-0.17708785518026,-0.177087855017254,-0.177087854948603,-0.177087855109079,-0.177087854931471,-0.177087854521712,-0.177087855013921,-0.177087855174265,-0.177087854989521,-0.177087854965823
"31",0.344844637310334,0.344844637272556,0.344844637157142,0.34484463591708,0.344844636613238,0.344844632458107,0.344844636633016,0.344844636081956,0.344844636599333,0.344844637570257,0.344844636727997,0.344844636940271,0.344844635677277,0.344844637505533,0.344844637176109,-0.254106866423259,-0.254106868376195,-0.254106861209076,-0.254106875953219,-0.254106869309647,-0.254106872057549,-0.254106870662113,-0.254106865785211,-0.254106867463363,-0.254106868273575,-0.254106868768907,-0.254106870673146,-0.254106869336313,-0.254106866565827,-0.254106869683909,-0.0632472269497808,-0.0632472327421466,-0.0632472167736638,-0.0632472365789842,-0.0632472344145396,-0.0632472388206954,-0.0632472361520332,-0.0632472397737597,-0.0632472310572376,-0.0632472372151298,-0.0632472378351178,-0.0632472348553731,-0.0632472376382568,-0.0632472394086533,-0.0632472418476309,-0.0274905328461834,-0.0274905325516523,-0.0274905371452093,-0.0274905326865352,-0.0274905316256938,-0.0274905333233336,-0.0274905329054739,-0.0274905327299101,-0.027490533148617,-0.0274905326870343,-0.027490531572601,-0.0274905328966929,-0.0274905333081831,-0.0274905328339809,-0.0274905327747931
"32",-0.265275664221322,-0.265275664254391,-0.265275664433733,-0.265275666271491,-0.265275665377155,-0.265275672671598,-0.265275665284803,-0.265275666113962,-0.265275665342695,-0.265275663863822,-0.265275664931564,-0.265275664698381,-0.26527566661718,-0.265275663986988,-0.265275664367306,0.0709851275333199,0.0709851215963933,0.0709851379572095,0.0709850810406568,0.070985110982024,0.0709851034349257,0.0709851088890509,0.0709851284777525,0.0709851267633618,0.0709851212433818,0.0709851163895797,0.0709851100066187,0.0709851139411532,0.0709851266845974,0.0709851146913924,0.02201706177563,0.0220170368753385,0.0220170389227711,0.0220170419968022,0.0220170306423232,0.0220170419652059,0.0220170439520948,0.0220170355720911,0.0220170435440717,0.0220170490730364,0.0220170336551135,0.0220170359586813,0.0220170394444825,0.0220170359630109,0.0220170386240824,0.172273508221746,0.172273508101127,0.172273510709692,0.172273508166895,0.172273507618404,0.17227350840828,0.172273508246367,0.172273508180765,0.17227350835548,0.172273508165655,0.172273507602611,0.172273508242062,0.172273508403711,0.17227350821933,0.172273508198114
"33",0.191921556668017,0.1919215566524,0.191921556629444,0.191921556354304,0.191921556551906,0.191921556003909,0.191921556536978,0.191921556418,0.191921556531885,0.191921556734932,0.191921556492203,0.191921556563681,0.191921556296978,0.191921556728014,0.191921556621576,-0.0919661457730556,-0.0919661446198923,-0.0919661456253194,-0.0919661366821645,-0.0919661401098408,-0.0919661414353341,-0.0919661423067699,-0.091966145286015,-0.0919661463533581,-0.0919661445183377,-0.0919661437571439,-0.0919661425428277,-0.0919661429436475,-0.0919661455877255,-0.0919661435366368,-0.110047777261422,-0.110047773418617,-0.110047741536121,-0.110047784512946,-0.110047771190053,-0.110047789131449,-0.110047784845233,-0.110047786608709,-0.110047773747859,-0.110047789659104,-0.110047781629462,-0.110047776797959,-0.110047784749282,-0.11004778617857,-0.110047793260932,0.0100923669282125,0.0100923676801433,0.0100923558048253,0.0100923673348867,0.0100923700595917,0.0100923657106146,0.0100923667766661,0.0100923672243594,0.0100923661554991,0.0100923673331312,0.0100923701960749,0.0100923667991203,0.010092365749375,0.0100923669593181,0.0100923671097383
"34",-0.27146757894815,-0.271467578967968,-0.271467579032966,-0.271467579718413,-0.271467579334006,-0.271467581615582,-0.271467579321811,-0.271467579630345,-0.271467579340218,-0.271467578803816,-0.271467579270236,-0.271467579152899,-0.271467579851601,-0.271467578839603,-0.271467579021165,-0.0790311494228921,-0.0790311507005895,-0.0790311465800576,-0.079031150651279,-0.0790311512553563,-0.079031151052049,-0.0790311505604019,-0.0790311493436207,-0.079031150017327,-0.0790311505219376,-0.0790311497794293,-0.0790311508440273,-0.0790311502694869,-0.0790311494322783,-0.0790311504817139,0.244940453659881,0.244940455978276,0.24494046339127,0.24494045290848,0.24494045468917,0.244940451731286,0.244940452823018,0.24494045248953,0.244940455170796,0.244940453693057,0.244940453134535,0.244940454770465,0.24494045269893,0.244940452414112,0.244940451181014,0.105558275491475,0.105558275658748,0.105558273040495,0.10555827558185,0.105558276185939,0.105558275219661,0.10555827545678,0.105558275557108,0.105558275317175,0.105558275581295,0.105558276217985,0.105558275461583,0.105558275228546,0.105558275497941,0.10555827553083
"35",0.157109124479072,0.157109124448852,0.15710912434693,0.157109123265341,0.157109123858249,0.157109120136455,0.157109123882879,0.157109123398898,0.157109123852644,0.157109124703724,0.157109123988134,0.157109124163754,0.157109123055831,0.157109124643427,0.157109124367797,0.246553892897625,0.246553892051291,0.246553897463725,0.24655388042734,0.246553893036757,0.246553886691492,0.246553888148395,0.246553894148303,0.246553891888485,0.246553891908395,0.246553889772719,0.246553888617668,0.246553889927237,0.246553892703303,0.246553889511637,-0.352096610764371,-0.352096620013994,-0.352096580627452,-0.35209663054176,-0.35209662154361,-0.35209663608431,-0.352096629909245,-0.35209663688943,-0.352096616946916,-0.352096634145555,-0.352096631572848,-0.352096624780765,-0.352096632431759,-0.352096636053124,-0.352096642979169,-0.0515663882785111,-0.0515663874893778,-0.0515663998507059,-0.0515663878509184,-0.0515663850038294,-0.0515663895572023,-0.0515663884377252,-0.051566387967203,-0.0515663890893869,-0.0515663878526974,-0.0515663848602672,-0.0515663884142458,-0.0515663895164196,-0.0515663882458386,-0.0515663880877155
"36",0.016690609237704,0.0166906091985806,0.0166906090261108,0.0166906072396973,0.0166906081555752,0.0166906014708764,0.0166906082249955,0.0166906074200106,0.0166906081715715,0.0166906095952133,0.0166906084953024,0.016690608749497,0.0166906068997277,0.0166906094846051,0.0166906090787337,-0.189604632831085,-0.189604636938598,-0.189604623762796,-0.189604667085168,-0.189604642477171,-0.189604650647567,-0.189604646550144,-0.189604631532734,-0.189604633942417,-0.189604637207131,-0.189604641158853,-0.189604645671909,-0.189604642550451,-0.189604633439412,-0.18960464236802,0.211400951041315,0.211400931665976,0.211400961672115,0.211400926498944,0.211400927170389,0.211400922382011,0.21140092799255,0.211400918602221,0.211400937303577,0.211400928326391,0.211400921291266,0.21140092766629,0.211400923818599,0.211400919353654,0.211400915692013,-0.038486896591679,-0.0384868960612124,-0.0384869038890289,-0.038486896297211,-0.0384868944595181,-0.038486897457441,-0.0384868966987378,-0.0384868963780384,-0.0384868971307979,-0.0384868962994016,-0.0384868943585588,-0.0384868966834946,-0.0384868974288541,-0.0384868965681204,-0.0384868964599648
"37",0.0804096383355709,0.0804096383392021,0.0804096383328851,0.080409638287779,0.0804096382852797,0.0804096379041867,0.0804096382989548,0.080409638275288,0.0804096382962491,0.0804096383394073,0.0804096383444872,0.0804096383363367,0.0804096382813128,0.0804096383320529,0.0804096383418186,0.115025689409578,0.115025688242042,0.115025690229022,0.115025683742767,0.115025685286419,0.11502568622629,0.115025686941634,0.115025689112346,0.115025689590634,0.115025688236868,0.115025688092665,0.115025686974001,0.115025687402184,0.115025689292758,0.115025687732216,-0.133178051218349,-0.13317805252739,-0.133178069985449,-0.133178046570011,-0.133178052572639,-0.133178044051494,-0.13317804642827,-0.133178044938442,-0.133178052319751,-0.133178043134812,-0.133178047857119,-0.133178050411863,-0.133178046160339,-0.133178045258873,-0.133178041652133,-0.0622572772570704,-0.0622572776221685,-0.0622572716696651,-0.062257277451465,-0.0622572788059226,-0.0622572766687864,-0.0622572771836922,-0.0622572773990264,-0.0622572768794998,-0.0622572774513075,-0.0622572788694833,-0.062257277194859,-0.0622572766869775,-0.0622572772714637,-0.0622572773439151
"38",-0.270432485755812,-0.270432485759457,-0.270432485761159,-0.270432485785083,-0.270432485750286,-0.270432485637874,-0.270432485758891,-0.270432485770275,-0.270432485758176,-0.270432485745889,-0.270432485790912,-0.270432485774277,-0.270432485791903,-0.270432485743092,-0.270432485765971,-0.0174069900874167,-0.0174069898605718,-0.0174069904425094,-0.0174069812532467,-0.0174069884596674,-0.0174069863082734,-0.0174069870701467,-0.0174069903457923,-0.0174069902419589,-0.0174069896615481,-0.0174069880207807,-0.017406987524767,-0.0174069879620905,-0.0174069899243336,-0.0174069881730292,-0.0541665742946781,-0.0541665681525645,-0.0541665675426975,-0.0541665697721834,-0.0541665666952638,-0.0541665699511008,-0.0541665702026198,-0.054166568234951,-0.0541665697293883,-0.0541665704347174,-0.0541665679491953,-0.0541665680541655,-0.0541665691406373,-0.0541665683996185,-0.0541665691926004,0.342006043336668,0.3420060434095,0.342006042222443,0.342006043375745,0.342006043644379,0.342006043219239,0.342006043322216,0.342006043365194,0.342006043262115,0.342006043375638,0.342006043657064,0.342006043324456,0.342006043222889,0.342006043339717,0.342006043354309
"39",-0.479931786816438,-0.479931786856747,-0.479931786979141,-0.479931788299377,-0.479931787560677,-0.479931792007283,-0.479931787538755,-0.479931788124215,-0.479931787574945,-0.47993178654006,-0.479931787432345,-0.479931787208794,-0.479931788555134,-0.479931786610324,-0.479931786959028,0.227863380542284,0.22786337812891,0.22786338612345,0.22786337410908,0.227863376651667,0.227863375865696,0.227863377093618,0.227863380867943,0.227863379444463,0.227863378373947,0.227863378942345,0.227863376786363,0.227863378066222,0.227863380455975,0.227863377699729,0.215566644821811,0.215566643493389,0.21556665173543,0.215566641017713,0.215566641579779,0.215566639779861,0.215566641182112,0.215566639599089,0.215566643687646,0.215566641962738,0.215566640278231,0.21556664213793,0.215566640440925,0.21556663964956,0.215566638589089,0.036501767143778,0.036501767300059,0.0365017649127745,0.0365017672293911,0.0365017677840803,0.0365017668905509,0.0365017671130208,0.036501767206177,0.0365017669858034,0.0365017672290729,0.0365017678116111,0.0365017671177726,0.0365017668985427,0.0365017671508006,0.0365017671828346
"40",0.0351569274622062,0.0351569275081391,0.0351569276696383,0.0351569293761294,0.0351569284507874,0.0351569344171134,0.0351569284075571,0.0351569291717717,0.035156928455758,0.0351569271101928,0.0351569282265074,0.0351569279545952,0.0351569297052106,0.0351569272065379,0.0351569276337824,0.129206323938575,0.129206327969468,0.129206316114871,0.12920633795784,0.129206332079706,0.129206333216072,0.129206330868485,0.129206323656174,0.129206325163082,0.129206327720792,0.129206327435225,0.12920633114789,0.12920632908505,0.129206324178435,0.129206329201172,0.169720188680124,0.169720191331082,0.169720182012249,0.169720193830845,0.169720193489225,0.169720195254188,0.169720193471595,0.169720195494092,0.169720190636528,0.169720190332088,0.169720195446941,0.169720192785175,0.169720194471198,0.16972019557928,0.169720196581434,-0.33408344928771,-0.334083449499789,-0.334083446535681,-0.334083449408165,-0.334083450115023,-0.334083448939023,-0.334083449244764,-0.334083449374763,-0.334083449074436,-0.334083449406628,-0.334083450157813,-0.334083449250638,-0.334083448951012,-0.334083449297802,-0.334083449341561
"41",0.0347868996582807,0.0347868996747476,0.0347868997421421,0.0347869004504057,0.0347869000862236,0.0347869027511989,0.0347869000603026,0.0347869003759331,0.0347869000815406,0.0347868995171797,0.0347868999540197,0.0347868998521655,0.0347869005841703,0.0347868995603243,0.0347868997225141,-0.304896424455623,-0.304896422207438,-0.304896428173342,-0.304896411728575,-0.304896418507896,-0.304896417489343,-0.304896419094818,-0.30489642455818,-0.30489642410589,-0.304896422219594,-0.304896421448893,-0.304896419217828,-0.30489642045412,-0.30489642422916,-0.304896420626861,-0.157239784978373,-0.157239777844349,-0.157239772606042,-0.157239781046418,-0.157239773706797,-0.15723978184373,-0.157239781638733,-0.157239779266643,-0.157239779218024,-0.15723978364449,-0.157239777952415,-0.157239777727796,-0.157239780062211,-0.157239779329481,-0.157239781763733,0.427349300725951,0.427349300952333,0.427349297406218,0.427349300849015,0.427349301663644,0.427349300359302,0.427349300680783,0.427349300815602,0.427349300494724,0.427349300848678,0.42734930170401,0.427349300687559,0.427349300370905,0.427349300735565,0.427349300781356
"42",0.35152254873679,0.351522548749163,0.351522548769146,0.351522549003385,0.351522548839775,0.351522549348485,0.351522548850355,0.351522548952457,0.351522548854899,0.35152254868071,0.351522548881641,0.351522548823301,0.351522549051866,0.351522548687283,0.351522548774471,-0.0160277146565888,-0.0160277149049644,-0.0160277149552621,-0.0160277241758857,-0.0160277170833287,-0.0160277187152514,-0.0160277179124521,-0.0160277145710892,-0.0160277142504252,-0.0160277151426239,-0.0160277168762035,-0.0160277174090676,-0.0160277170428291,-0.0160277148439041,-0.0160277166463814,-0.100870768458935,-0.100870774384737,-0.100870781228369,-0.100870770776995,-0.100870775477973,-0.100870769702868,-0.100870770346028,-0.100870771512097,-0.100870772864496,-0.100870769031699,-0.100870772805613,-0.10087077365904,-0.100870771153976,-0.100870771478827,-0.100870769518865,-0.234624060204345,-0.234624060395425,-0.234624057253451,-0.234624060305754,-0.234624061018062,-0.234624059895997,-0.234624060165235,-0.234624060278268,-0.234624060005036,-0.234624060305341,-0.23462406105282,-0.234624060170978,-0.234624059905727,-0.234624060211603,-0.234624060248915
"43",-0.0350599139259608,-0.0350599139048055,-0.0350599138459376,-0.0350599132066125,-0.0350599135754118,-0.0350599115225884,-0.0350599135812885,-0.0350599132978195,-0.0350599135644304,-0.0350599140622344,-0.0350599136154479,-0.0350599137301336,-0.0350599130817126,-0.0350599140302751,-0.0350599138528959,0.299853802120273,0.299853802661508,0.299853799690621,0.299853804199771,0.299853801727768,0.299853803606737,0.299853803181829,0.299853801656968,0.29985380275589,0.299853802600872,0.299853802708217,0.299853803227032,0.299853802714382,0.299853802140054,0.299853803031524,-0.355813620427346,-0.355813619084619,-0.355813640727112,-0.355813612373843,-0.355813618236246,-0.355813609247195,-0.355813612486363,-0.355813609692234,-0.355813619653906,-0.355813610466092,-0.355813612632872,-0.35581361637317,-0.35581361159325,-0.355813610026929,-0.355813606020976,0.0910197260104818,0.0910197255546506,0.091019732704178,0.0910197257633633,0.0910197241184275,0.0910197267489424,0.0910197261021877,0.0910197258305464,0.0910197264780049,0.0910197257644917,0.0910197240356471,0.0910197260885718,0.0910197267254033,0.0910197259914069,0.0910197258999564
"44",-0.21224437257085,-0.21224437253575,-0.212244372401958,-0.212244370992502,-0.212244371735353,-0.212244366612597,-0.212244371779993,-0.212244371149808,-0.212244371738794,-0.212244372856731,-0.212244371963706,-0.212244372175594,-0.212244370722808,-0.212244372772923,-0.212244372436612,0.361374463888299,0.361374468161109,0.361374456849831,0.361374482552246,0.361374474351296,0.361374475082058,0.361374472388054,0.361374463835521,0.36137446467858,0.361374468017697,0.361374468400298,0.361374472454902,0.361374470316002,0.361374464225919,0.361374470081283,-0.123372015618864,-0.123372009577967,-0.123372002494224,-0.123372013184224,-0.123372006876191,-0.123372014187072,-0.123372013783167,-0.123372012377547,-0.123372010986209,-0.123372018769334,-0.123372010003015,-0.123372010031839,-0.123372012661352,-0.123372012157016,-0.123372014706057,-0.0257580854450893,-0.025758085271668,-0.0257580884568315,-0.0257580853582609,-0.0257580846573227,-0.0257580857202312,-0.0257580854804639,-0.0257580853811832,-0.025758085630498,-0.0257580853575644,-0.0257580846298119,-0.0257580854748583,-0.0257580857123768,-0.0257580854397847,-0.0257580854070908
"45",0.196096873694075,0.196096873655911,0.196096873496508,0.196096871838905,0.196096872700582,0.196096866593387,0.196096872759636,0.196096872013275,0.196096872710789,0.196096874028493,0.196096872992152,0.196096873234929,0.196096871522245,0.196096873928008,0.196096873541999,0.130595301101737,0.130595296461322,0.130595309448887,0.130595276276844,0.130595289772871,0.130595287000153,0.130595290329817,0.130595301506514,0.130595300127659,0.130595296507519,0.130595295101572,0.130595290522862,0.13059529314705,0.13059530065946,0.130595293365407,-0.206472073923533,-0.206472083309114,-0.206472086967402,-0.206472079974855,-0.206472085683209,-0.20647207940368,-0.206472079158706,-0.206472081727194,-0.206472080786293,-0.206472074262578,-0.206472083794207,-0.206472083093743,-0.206472080746174,-0.206472081835007,-0.206472079840025,-0.120220086450847,-0.120220086550081,-0.120220084419899,-0.120220086496211,-0.120220086945584,-0.120220086297913,-0.120220086431282,-0.12022008648486,-0.120220086342645,-0.120220086497342,-0.120220086957401,-0.12022008643496,-0.120220086301498,-0.120220086453193,-0.120220086471131
"46",-0.135845504155738,-0.135845504139705,-0.135845504078561,-0.135845503434216,-0.135845503773764,-0.135845501417519,-0.135845503793841,-0.135845503506187,-0.135845503775079,-0.135845504286194,-0.135845503877523,-0.135845503974994,-0.135845503311404,-0.135845504248451,-0.135845504094301,0.12299867477759,0.122998676994097,0.122998671471556,0.122998685170163,0.122998680923108,0.122998680582282,0.12299867925485,0.122998674874561,0.122998675087008,0.122998676908436,0.122998677155645,0.12299867926999,0.122998678209079,0.122998674956101,0.122998678069981,0.254559435136585,0.254559440129692,0.254559461119227,0.254559432301246,0.254559442729347,0.254559429237316,0.254559431904556,0.25455943168139,0.254559439398112,0.254559428509371,0.254559435057845,0.254559438106402,0.254559432501793,0.254559431894814,0.25455942683869,-0.241712609340573,-0.241712608806291,-0.241712617159701,-0.241712609049902,-0.241712607129856,-0.241712610207469,-0.241712609448461,-0.241712609129168,-0.241712609888259,-0.241712609051803,-0.241712607030759,-0.241712609432654,-0.241712610179486,-0.241712609318004,-0.241712609210972
"47",-0.0386308961842297,-0.0386308961903109,-0.0386308961859637,-0.0386308961722504,-0.0386308961462317,-0.0386308958286877,-0.0386308961626136,-0.0386308961504313,-0.0386308961605455,-0.0386308961806586,-0.0386308962140606,-0.0386308961972165,-0.0386308961719482,-0.038630896173878,-0.0386308961966388,0.237462871693162,0.237462873108289,0.237462870862705,0.237462878216575,0.237462876795487,0.237462875386866,0.237462874558271,0.237462872107743,0.237462871434965,0.23746287310541,0.237462873199206,0.237462874539695,0.23746287405989,0.237462871830053,0.237462873638508,-0.152401581288971,-0.152401580223734,-0.152401558403259,-0.152401587531738,-0.152401580256046,-0.152401590665639,-0.152401587674084,-0.152401589722313,-0.152401580333564,-0.1524015919403,-0.152401586050502,-0.152401582876231,-0.152401588101862,-0.15240158929517,-0.152401593753265,-0.0464303926851093,-0.046430392235451,-0.0464303995791095,-0.0464303924456062,-0.0464303907766184,-0.0464303934095871,-0.0464303927753527,-0.0464303925102209,-0.0464303931494613,-0.0464303924460606,-0.0464303906980654,-0.0464303927615492,-0.0464303933871426,-0.0464303926671778,-0.0464303925779705
"48",0.403405817982858,0.403405817982401,0.403405818000148,0.403405818166628,0.403405818104395,0.403405818916103,0.403405818087106,0.403405818165144,0.403405818093348,0.403405817954023,0.403405818026626,0.403405818016444,0.403405818196737,0.40340581796886,0.403405817988507,-0.217997959884781,-0.217997959502881,-0.217997961079523,-0.217997950082438,-0.217997958407688,-0.217997955507849,-0.217997956427435,-0.217997960314522,-0.217997959836681,-0.217997959308308,-0.217997957555999,-0.217997956894255,-0.217997957511991,-0.217997959710575,-0.217997957621288,-0.099312176315026,-0.0993121691727821,-0.0993121740077202,-0.0993121693209718,-0.0993121682649107,-0.0993121687448878,-0.0993121698064927,-0.0993121671170244,-0.0993121712363187,-0.0993121692899295,-0.0993121676123118,-0.0993121685799548,-0.099312168572036,-0.0993121673959066,-0.0993121670405645,-0.0860956906598371,-0.0860956907138631,-0.0860956899465927,-0.086095690690086,-0.0860956908735443,-0.086095690571631,-0.0860956906491097,-0.0860956906818122,-0.0860956906053902,-0.0860956906900292,-0.0860956908833591,-0.0860956906506676,-0.0860956905744885,-0.0860956906622975,-0.0860956906735676
"49",0.120983340279477,0.120983340286936,0.120983340321399,0.120983340679437,0.120983340499827,0.120983341874968,0.120983340484298,0.120983340645109,0.120983340495328,0.120983340208616,0.120983340423298,0.1209833403751,0.120983340747503,0.12098334023191,0.120983340310163,0.0547098784661609,0.0547098792147307,0.0547098765914587,0.0547098870330179,0.054709880308431,0.0547098826873312,0.0547098817428558,0.0547098780882502,0.0547098786847037,0.0547098793202408,0.0547098805387883,0.0547098814476561,0.0547098807460084,0.0547098786174151,0.0547098807029753,-0.323160599536592,-0.323160594912374,-0.323160605210503,-0.323160592610147,-0.323160593110029,-0.323160591157246,-0.32316059297559,-0.323160590258721,-0.323160596151577,-0.323160592861988,-0.323160591313133,-0.323160593420816,-0.323160591766134,-0.323160590476528,-0.323160589146085,0.14746737276503,0.147467372584065,0.147467375326584,0.147467372665482,0.147467372027588,0.14746737305929,0.147467372801273,0.147467372692667,0.147467372948942,0.147467372666165,0.147467371994024,0.147467372795932,0.147467373049742,0.147467372757023,0.147467372720262
"50",-0.254589359413827,-0.254589359405346,-0.254589359370953,-0.254589359009624,-0.254589359196253,-0.254589357850286,-0.254589359209349,-0.254589359047879,-0.254589359198524,-0.254589359486279,-0.2545893592626,-0.254589359314532,-0.254589358940733,-0.254589359463991,-0.254589359380743,-0.0912677574744508,-0.0912677569261465,-0.0912677592638274,-0.091267748822745,-0.0912677562431234,-0.0912677533984454,-0.091267754297112,-0.0912677579529947,-0.091267757223679,-0.0912677567994615,-0.0912677553940331,-0.0912677546413108,-0.0912677553202401,-0.0912677573259389,-0.0912677553114172,0.0572973669868904,0.0572973739869059,0.057297365300995,0.0572973751045945,0.0572973748192575,0.0572973762330749,0.0572973746341858,0.0572973776876829,0.0572973718927141,0.05729737583822,0.0572973765667923,0.0572973750236737,0.0572973759359231,0.057297377334718,0.0572973784898437,0.288559740470444,0.28855974033371,0.288559742421495,0.288559740395723,0.288559739910103,0.288559740692435,0.288559740497917,0.288559740416069,0.288559740610334,0.288559740395904,0.288559739885367,0.288559740493893,0.288559740685343,0.288559740464679,0.288559740436958
"51",0.575534615499486,0.575534615513714,0.575534615543716,0.575534615876186,0.575534615660824,0.575534616511391,0.575534615667542,0.575534615816054,0.575534615674827,0.575534615422928,0.575534615686856,0.575534615613736,0.575534615943935,0.575534615435555,0.57553461554585,-0.170367262075654,-0.170367262862542,-0.170367262674557,-0.170367269783551,-0.170367266529664,-0.170367265636244,-0.170367264928741,-0.170367262480205,-0.170367261483603,-0.170367262984962,-0.170367263799694,-0.170367264675542,-0.17036726441127,-0.170367262238949,-0.170367263851259,-0.189141045903657,-0.189141049878114,-0.189141073349288,-0.189141041463608,-0.189141052285549,-0.18914103805261,-0.189141041123537,-0.189141040340678,-0.18914104941742,-0.189141037577506,-0.189141044040021,-0.189141047534513,-0.189141041491373,-0.189141040616666,-0.189141035157377,-0.21602630676204,-0.216026307339307,-0.216026298251436,-0.216026307074518,-0.216026309162065,-0.216026305826395,-0.216026306645087,-0.21602630698944,-0.216026306167622,-0.216026307073003,-0.216026309268144,-0.216026306662177,-0.216026305856376,-0.21602630678572,-0.216026306900915
"52",0.303972400243595,0.303972400227178,0.303972400126698,0.303972399106602,0.303972399592754,0.303972395466091,0.303972399648998,0.303972399187021,0.303972399616312,0.303972400439916,0.303972399860437,0.303972399983981,0.303972398915576,0.30397240036976,0.303972400166853,0.0843253384148216,0.0843253354277651,0.0843253443225075,0.0843253082264931,0.0843253300612148,0.0843253232621654,0.084325326664877,0.0843253393497564,0.084325337988101,0.0843253350591069,0.0843253311066771,0.0843253276360865,0.0843253300245631,0.0843253378599252,0.0843253304780218,-0.0738262410347887,-0.0738262576640895,-0.0738262401712924,-0.0738262593765421,-0.0738262607315273,-0.0738262617050194,-0.0738262580935024,-0.0738262650970801,-0.0738262527734063,-0.0738262566915957,-0.0738262640471549,-0.073826259928799,-0.073826261316537,-0.0738262646016048,-0.0738262662675575,-0.314471473156461,-0.314471472855643,-0.314471477006116,-0.314471472984805,-0.314471471990557,-0.314471473651396,-0.314471473217047,-0.314471473032412,-0.314471473457584,-0.314471472986967,-0.314471471930097,-0.31447147320871,-0.314471473634375,-0.314471473141849,-0.314471473079339
"53",0.181958520534363,0.181958520536884,0.181958520540453,0.181958520579712,0.181958520547012,0.181958520579906,0.181958520550759,0.18195852056898,0.181958520551111,0.181958520523744,0.181958520564991,0.181958520551825,0.181958520588267,0.181958520523554,0.181958520542213,0.0278482194394133,0.0278482188365976,0.0278482195920102,0.0278482168550276,0.0278482170739038,0.0278482180389512,0.0278482183392401,0.0278482191884886,0.0278482196039677,0.0278482188486408,0.0278482188830072,0.0278482183269074,0.0278482184847799,0.0278482193852541,0.0278482186873706,-0.271706639157631,-0.271706641198186,-0.271706654789823,-0.271706636369976,-0.271706642430468,-0.271706634383799,-0.271706636206927,-0.271706635684246,-0.271706640989503,-0.271706634698719,-0.271706637661095,-0.271706639821411,-0.271706636358036,-0.271706635807277,-0.271706632718252,0.0618998991817536,0.061899898840737,0.0618999041148693,0.0618998989956107,0.0618998977778489,0.0618998997352521,0.0618998992502884,0.0618998990463418,0.0618998995302699,0.0618998989966117,0.0618998977152398,0.061899899240193,0.0618998997174483,0.0618998991671689,0.0618998990983809
"54",-0.242712670427307,-0.242712670402728,-0.242712670295534,-0.242712669179494,-0.242712669748825,-0.242712665538586,-0.242712669792855,-0.242712669292028,-0.242712669759172,-0.242712670649678,-0.242712669967087,-0.242712670124047,-0.242712668967686,-0.242712670579893,-0.242712670328464,0.482168797021883,0.482168799139179,0.482168791317875,0.482168823774361,0.482168802073035,0.482168810085284,0.482168807161653,0.482168795727407,0.48216879772435,0.482168799500636,0.482168803515639,0.482168806182628,0.482168804018863,0.482168797494172,0.482168803915266,0.00869789515553185,0.00869791111160212,0.00869787978714034,0.008697917481165,0.00869791422016758,0.00869792180196932,0.00869791630196287,0.00869792458499391,0.00869790633099149,0.00869791751848981,0.00869792120671542,0.00869791507190907,0.00869791979613457,0.00869792382319567,0.00869792832211756,-0.248154047369848,-0.248154047952809,-0.248154039132729,-0.248154047690281,-0.248154049744373,-0.248154046421397,-0.24815404725238,-0.248154047602693,-0.248154046775105,-0.248154047688338,-0.248154049853007,-0.248154047269417,-0.248154046452233,-0.248154047395103,-0.248154047513221
"55",0.134605123031478,0.134605123035057,0.134605123045068,0.134605123148879,0.134605123084329,0.134605123373218,0.134605123084967,0.134605123132871,0.134605123087259,0.134605123008008,0.13460512308771,0.134605123065979,0.13460512316979,0.134605123012025,0.134605123044544,-0.375866963964157,-0.375866963793451,-0.375866964253546,-0.375866966904299,-0.375866963883532,-0.375866965148039,-0.375866964907233,-0.375866963814616,-0.375866963829863,-0.375866963913997,-0.375866964702661,-0.375866964677352,-0.375866964596485,-0.375866964026324,-0.375866964475843,0.0808162728806835,0.0808162708769215,0.0808162780819445,0.0808162690990192,0.080816271483724,0.0808162681018393,0.0808162692444747,0.0808162680908899,0.0808162717444348,0.0808162687588386,0.0808162689458225,0.0808162702293825,0.0808162689029581,0.0808162682220087,0.0808162667976727,0.160445571353214,0.160445571526146,0.160445568964655,0.160445571449549,0.160445572047445,0.160445571070315,0.160445571317987,0.160445571422957,0.160445571177382,0.160445571448344,0.160445572081868,0.160445571322886,0.160445571079889,0.160445571360997,0.160445571395962
"56",0.0714381444722787,0.0714381444598039,0.0714381444346188,0.0714381441507581,0.0714381443341031,0.0714381435924555,0.071438144328034,0.0714381442030853,0.0714381443217035,0.0714381445369426,0.0714381443127395,0.0714381443750953,0.0714381440936152,0.0714381445264823,0.0714381444324952,-0.324392766193784,-0.324392766024856,-0.324392765515819,-0.324392761218148,-0.324392764153616,-0.32439276422028,-0.32439276456934,-0.324392766033181,-0.324392766591107,-0.324392765906764,-0.324392765111307,-0.324392764815356,-0.324392764910702,-0.32439276609399,-0.32439276522367,0.208320577332338,0.208320583101243,0.208320600599709,0.208320576038979,0.208320583734133,0.208320573382495,0.208320575669548,0.208320575694213,0.208320581722576,0.208320574795887,0.208320578024476,0.208320581042657,0.208320576099129,0.20832057569121,0.208320571807965,0.0446340420541486,0.0446340424982038,0.0446340355693693,0.0446340422953775,0.0446340438917762,0.0446340413338818,0.0446340419643896,0.0446340422296589,0.0446340415980224,0.0446340422942303,0.0446340439733714,0.0446340419775053,0.044634041357003,0.0446340420726054,0.0446340421616106
"57",-0.130321410617172,-0.130321410590824,-0.130321410484213,-0.130321409370013,-0.130321409951272,-0.130321405848403,-0.130321409989383,-0.130321409489643,-0.130321409956646,-0.130321410841817,-0.130321410142586,-0.130321410307526,-0.130321409157836,-0.130321410775221,-0.13032141051381,0.261204096762045,0.261204100132309,0.261204091086172,0.261204114642393,0.261204105449624,0.261204106804785,0.261204104460903,0.261204096598746,0.261204097360937,0.261204100087301,0.261204101024889,0.261204104336168,0.261204102505609,0.261204097079888,0.26120410229779,0.0574796107365119,0.0574796175197225,0.057479627980985,0.0574796126337873,0.0574796198327295,0.0574796110997692,0.0574796120463304,0.0574796132373471,0.057479615945389,0.0574796077552241,0.0574796157865904,0.0574796165855279,0.0574796131005708,0.0574796134115471,0.0574796103023018,-0.188362305880452,-0.188362305617486,-0.188362310068315,-0.188362305742409,-0.188362304743364,-0.188362306302726,-0.188362305933557,-0.188362305779526,-0.188362306154405,-0.188362305742569,-0.188362304697818,-0.188362305925407,-0.188362306289795,-0.188362305870529,-0.188362305819172
"58",-0.0166671838977999,-0.016667183925119,-0.0166671840093191,-0.0166671849165124,-0.0166671844114326,-0.0166671874921284,-0.0166671843953478,-0.0166671847975868,-0.0166671844203525,-0.0166671837084958,-0.0166671843183674,-0.016667184166104,-0.0166671850919272,-0.0166671837571211,-0.0166671839948715,0.174336278600222,0.174336275924176,0.174336282659128,0.174336276103801,0.174336272731415,0.17433627551562,0.174336276388576,0.174336278190284,0.174336277986971,0.174336276268776,0.174336278001761,0.174336275800778,0.17433627668544,0.174336278562972,0.174336276638524,0.00597043868656192,0.0059704413936828,0.00597042485125565,0.0059704459672108,0.00597044007830916,0.00597044823225487,0.0059704458850639,0.00597044813232744,0.00597044016790046,0.00597044994824159,0.00597044523182975,0.00597044301323235,0.00597044642451694,0.00597044766332047,0.00597045117929008,-0.163639536566349,-0.163639536912619,-0.163639531349021,-0.163639536751887,-0.163639538023059,-0.163639536006632,-0.163639536496051,-0.163639536701559,-0.163639536207657,-0.16363953675137,-0.163639538085485,-0.163639536506405,-0.163639536024303,-0.163639536579987,-0.163639536648572
"59",-0.184600470986314,-0.184600471001922,-0.184600471046836,-0.184600471527111,-0.184600471247486,-0.184600472755142,-0.184600471243482,-0.184600471458959,-0.18460047125583,-0.184600470882927,-0.18460047122292,-0.184600471135057,-0.184600471621562,-0.184600470906336,-0.184600471041451,0.0232755302008391,0.0232755297511723,0.0232755319303247,0.0232755322819033,0.0232755306581029,0.0232755305314002,0.023275530565176,0.0232755303647424,0.023275529687868,0.0232755298904053,0.02327553061071,0.0232755303153042,0.0232755305337941,0.0232755302513008,0.0232755302448552,0.109778956281926,0.10977895876382,0.109778968724745,0.109778955031927,0.109778960414038,0.109778953559323,0.109778954855663,0.109778954932039,0.109778958485341,0.109778954176834,0.109778956276564,0.109778957909036,0.109778955233164,0.109778954958083,0.109778952491985,0.0515459841043451,0.0515459843845633,0.0515459801293386,0.0515459842583882,0.0515459852467743,0.0515459836486216,0.0515459840480728,0.0515459842163141,0.0515459838188087,0.0515459842576029,0.0515459852985312,0.0515459840562714,0.0515459836633793,0.0515459841165111,0.0515459841734279
"60",-0.0951099929970223,-0.0951099930238103,-0.0951099930838832,-0.0951099937560461,-0.0951099933421079,-0.0951099952972008,-0.0951099933484044,-0.0951099936430558,-0.095109993364586,-0.09510999284873,-0.0951099933530368,-0.0951099932164945,-0.0951099938887326,-0.0951099928767742,-0.0951099930841715,-0.167297127007413,-0.167297127957156,-0.167297124804313,-0.167297120202615,-0.167297127430123,-0.16729712486974,-0.167297125197509,-0.167297127210302,-0.167297127705649,-0.167297127584192,-0.167297125380764,-0.167297125885837,-0.167297125782653,-0.167297126858405,-0.167297126222768,0.270838761883795,0.270838766953444,0.270838761093771,0.270838767624255,0.270838767714202,0.270838768386185,0.270838767260742,0.270838769444968,0.270838765453121,0.270838767713927,0.27083876883307,0.270838767679113,0.270838768227639,0.270838769233354,0.270838769906706,-0.00843164779160026,-0.00843164788501954,-0.00843164649989106,-0.00843164784344712,-0.00843164816767115,-0.0084316476393004,-0.00843164777289922,-0.00843164782924909,-0.0084316476969174,-0.00843164784317812,-0.0084316481850536,-0.00843164777559949,-0.00843164764427551,-0.00843164779576927,-0.00843164781492733
"61",0.0525033101033274,0.0525033101151678,0.0525033101487988,0.0525033105195892,0.0525033103130257,0.0525033115828503,0.0525033103072101,0.0525033104690845,0.0525033103175754,0.0525033100263751,0.0525033102749206,0.0525033102127818,0.0525033105908891,0.0525033100463225,0.0525033101437275,0.00742876565851885,0.00742876638627791,0.00742876402307657,0.00742876947876046,0.00742876717343804,0.00742876781419322,0.00742876730623965,0.00742876551459801,0.00742876593196451,0.00742876635996284,0.0074287665705319,0.00742876728825136,0.00742876683239671,0.00742876571858798,0.00742876689389893,-0.049041167155792,-0.0490411661272353,-0.0490411669170726,-0.0490411660590491,-0.0490411653542403,-0.0490411659333849,-0.0490411661542824,-0.0490411656592709,-0.0490411663048586,-0.0490411668287709,-0.0490411655405079,-0.0490411658921401,-0.0490411658579818,-0.0490411656479961,-0.0490411657495209,-0.0108909108636078,-0.0108909108705729,-0.0108909108104253,-0.010890910868014,-0.0108909108862592,-0.0108909108524521,-0.0108909108628452,-0.0108909108669028,-0.0108909108582727,-0.0108909108682623,-0.0108909108863501,-0.0108909108631201,-0.0108909108526722,-0.0108909108642191,-0.0108909108662624
"62",-0.0916684398322589,-0.0916684398720026,-0.0916684399881987,-0.0916684412418833,-0.0916684405280483,-0.0916684446353286,-0.0916684405122389,-0.091668441069396,-0.0916684405457464,-0.0916684395669324,-0.091668440431327,-0.0916684402115202,-0.0916684414859105,-0.0916684396311171,-0.0916684399717601,0.169271952811091,0.169271951264113,0.169271957775494,0.169271948515646,0.169271951749405,0.169271949576576,0.169271950470711,0.169271953441352,0.16927195163588,0.169271951446466,0.16927195167257,0.169271950268162,0.169271951323365,0.169271952769173,0.169271950784804,-0.0927384954364898,-0.0927384967189828,-0.0927384756645881,-0.0927385032719683,-0.0927384974805243,-0.092738506325928,-0.092738503162891,-0.0927385058134414,-0.0927384961800444,-0.0927385046517188,-0.0927385030771767,-0.0927384993431317,-0.0927385040141174,-0.0927385055275183,-0.0927385094258048,0.0151349895818835,0.0151349900326095,0.0151349829674051,0.0151349898258867,0.0151349914536213,0.0151349888517621,0.0151349894909628,0.0151349897595698,0.0151349891185387,0.0151349898249501,0.0151349915353297,0.0151349895043987,0.0151349888749942,0.0151349896004864,0.0151349896907879
"63",-0.0980720342368617,-0.0980720342575192,-0.0980720342964582,-0.0980720347356776,-0.098072034440313,-0.0980720354846316,-0.098072034454513,-0.0980720346490255,-0.0980720344634641,-0.0980720341339912,-0.0980720344972147,-0.0980720343935362,-0.0980720348252504,-0.0980720341477747,-0.0980720343023433,-0.309220929681864,-0.309220929364733,-0.309220928871415,-0.30922091726285,-0.309220926013609,-0.30922092443071,-0.309220925445168,-0.309220929658204,-0.309220930368202,-0.309220929039788,-0.309220926805523,-0.309220926116286,-0.309220926521513,-0.309220929432787,-0.309220927135873,0.267943281762191,0.267943287938574,0.267943303066216,0.26794328163588,0.267943289482752,0.267943279382843,0.26794328116145,0.267943281592153,0.267943286540667,0.267943278174337,0.267943284289015,0.267943286319427,0.267943281871516,0.2679432817321,0.267943277978078,0.139349677579157,0.139349677951474,0.139349671908052,0.139349677777913,0.139349679153731,0.139349676978045,0.139349677503635,0.139349677724076,0.13934967719316,0.139349677777324,0.139349679220534,0.139349677514852,0.139349676996943,0.139349677593748,0.139349677667261
"64",-0.529508396929885,-0.529508396922784,-0.529508396894375,-0.529508396602545,-0.529508396760061,-0.529508395749909,-0.529508396768607,-0.52950839663518,-0.529508396760439,-0.529508396990554,-0.529508396799936,-0.529508396845849,-0.52950839654561,-0.529508396973695,-0.529508396901472,-0.00319578548904517,-0.00319578565658156,-0.00319578669032424,-0.00319577987000494,-0.00319578674610949,-0.00319578311086682,-0.00319578363807688,-0.00319578616054877,-0.00319578517167435,-0.00319578550837768,-0.00319578407977644,-0.00319578399537584,-0.00319578442548807,-0.00319578539814891,-0.00319578426698647,0.168399428345319,0.168399434365432,0.16839941161206,0.16839944027441,0.168399435354451,0.168399443448066,0.168399439884163,0.168399444179202,0.168399432420575,0.168399443115007,0.168399440899957,0.168399437136666,0.16839944145047,0.168399443614286,0.168399447591344,0.364304743602739,0.364304743165991,0.364304750082693,0.364304743367389,0.364304741778681,0.364304744309144,0.364304743690725,0.364304743431207,0.364304744052552,0.364304743367952,0.364304741700656,0.364304743677622,0.36430474428688,0.364304743584994,0.36430474349765
"65",-0.25755384769133,-0.257553847677574,-0.257553847634927,-0.257553847174834,-0.257553847429686,-0.257553845852795,-0.257553847438249,-0.25755384723469,-0.257553847425483,-0.257553847786895,-0.257553847479327,-0.257553847555955,-0.257553847086255,-0.257553847762124,-0.257553847642507,0.123282833094152,0.123282833992138,0.123282831048297,0.123282838425631,0.123282834905836,0.123282835999749,0.123282835315489,0.123282832875319,0.123282833434915,0.123282833972547,0.123282834364038,0.12328283526667,0.123282834671625,0.123282833180352,0.123282834737574,0.048365754264277,0.0483657580821346,0.048365754159479,0.048365758540314,0.048365760222126,0.0483657590740299,0.0483657582507424,0.0483657602215798,0.0483657572733359,0.0483657584919606,0.0483657597939476,0.0483657589385516,0.0483657592535684,0.0483657600459108,0.0483657601233091,0.085905254576212,0.085905254559541,0.0859052549265912,0.0859052545691694,0.0859052544896831,0.0859052546012151,0.0859052545793456,0.0859052545707907,0.0859052545947297,0.0859052545686704,0.0859052544887584,0.0859052545786505,0.0859052546008181,0.0859052545759633,0.0859052545728932
"66",0.357893223821557,0.357893223824882,0.357893223869747,0.357893224312525,0.357893224125054,0.357893226123831,0.357893224090253,0.357893224292062,0.357893224105773,0.357893223741379,0.357893223962209,0.357893223922021,0.357893224393253,0.357893223776048,0.357893223845971,-0.105444480045011,-0.105444478215359,-0.105444483097307,-0.105444459850664,-0.105444473862876,-0.105444470325925,-0.105444472426346,-0.105444480460442,-0.105444480004494,-0.105444477956642,-0.105444475285213,-0.105444473111007,-0.105444474532371,-0.105444479677361,-0.105444474926526,-0.0660253521272533,-0.0660253400676885,-0.0660253337056922,-0.0660253449269145,-0.0660253373548347,-0.0660253460046774,-0.0660253458130605,-0.0660253425530792,-0.0660253431700525,-0.0660253479066993,-0.0660253409452361,-0.0660253405353831,-0.0660253438831385,-0.0660253427227388,-0.0660253453278747,-0.186423405289443,-0.186423405053947,-0.186423408947164,-0.186423405164314,-0.186423404285004,-0.186423405668678,-0.186423405336765,-0.186423405198078,-0.186423405532896,-0.18642340516466,-0.186423404243645,-0.18642340532953,-0.186423405656909,-0.186423405280092,-0.186423405233576
"67",-0.280518528145708,-0.28051852811251,-0.280518528002198,-0.280518526828554,-0.280518527473517,-0.280518523429489,-0.280518527498929,-0.280518526975023,-0.280518527466277,-0.28051852838936,-0.280518527610335,-0.280518527802675,-0.280518526601915,-0.280518528324996,-0.280518528024145,0.183677529597534,0.183677532097657,0.183677524342493,0.183677540609089,0.183677534680019,0.183677536151012,0.183677534559825,0.183677529250873,0.18367753047162,0.183677531964801,0.183677532244961,0.183677534625314,0.183677533197627,0.183677529774129,0.183677533361685,0.211185115665117,0.211185120895965,0.211185118938866,0.211185120399361,0.211185123290835,0.21118512065225,0.211185119974603,0.211185122126321,0.211185119701422,0.211185118765716,0.211185122364889,0.211185121522301,0.211185121159901,0.211185122029553,0.211185121526258,-0.114344125672814,-0.114344125653323,-0.114344125972206,-0.114344125661723,-0.114344125592621,-0.114344125704063,-0.114344125675969,-0.114344125664675,-0.114344125690366,-0.114344125661871,-0.114344125589766,-0.11434412567527,-0.114344125703133,-0.114344125671473,-0.114344125667095
"68",0.0592943017434325,0.0592943017492316,0.0592943017546527,0.0592943018267298,0.0592943017642808,0.0592943018247218,0.0592943017731647,0.0592943018035232,0.0592943017738223,0.0592943017236733,0.0592943018016315,0.0592943017763457,0.0592943018424576,0.0592943017232669,0.0592943017597019,0.262596265943958,0.262596266171457,0.262596265977924,0.262596259268526,0.262596266006768,0.262596263234615,0.262596263779524,0.262596266335547,0.262596266059657,0.262596265948133,0.262596264314481,0.262596264243786,0.262596264526089,0.262596265817452,0.262596264659454,-0.250680568967347,-0.250680573873263,-0.250680563915392,-0.250680575851783,-0.250680573683209,-0.250680577191487,-0.250680575520718,-0.25068057786025,-0.250680572187891,-0.250680576554974,-0.250680576623154,-0.250680574871259,-0.250680576392457,-0.250680577589552,-0.250680579312016,-0.0712099917985952,-0.0712099915919763,-0.0712099946895211,-0.071209991684225,-0.0712099909629471,-0.0712099921358452,-0.0712099918405801,-0.0712099917156817,-0.0712099920092296,-0.0712099916853831,-0.0712099909227507,-0.0712099918346624,-0.0712099921245988,-0.071209991789489,-0.0712099917477698
"69",0.0782017738923146,0.078201773903448,0.0782017739354649,0.0782017742830449,0.0782017740855421,0.0782017752282933,0.0782017740810831,0.0782017742350345,0.0782017740904512,0.07820177381884,0.0782017740576109,0.0782017739971428,0.0782017743507372,0.0782017738369637,0.078201773931014,-0.226767321384144,-0.226767320636992,-0.226767322803392,-0.226767322047156,-0.226767320246915,-0.226767321019461,-0.226767321183993,-0.226767321310174,-0.226767321090537,-0.226767320769811,-0.226767321509813,-0.226767320939812,-0.22676732117739,-0.226767321400842,-0.226767321078305,0.168569946198367,0.16856994484976,0.168569945680531,0.16856994491554,0.168569944873991,0.168569944833043,0.168569944985904,0.168569944519519,0.168569945252398,0.168569944442542,0.16856994473285,0.16856994478565,0.168569944793594,0.168569944602298,0.168569944484028,-0.0200043978008666,-0.0200043977963848,-0.0200043979013956,-0.0200043977992978,-0.0200043977762562,-0.0200043978079618,-0.0200043978023335,-0.0200043977997297,-0.0200043978076938,-0.0200043977991463,-0.0200043977752202,-0.0200043978022649,-0.020004397807746,-0.0200043978011924,-0.0200043978007744
"70",0.161334365938559,0.161334365958508,0.161334366021163,0.161334366692154,0.16133436631819,0.161334368582433,0.161334366306013,0.161334366604855,0.161334366324434,0.161334365798221,0.161334366250122,0.161334366137332,0.161334366822192,0.161334365834185,0.161334366010119,0.229576325930108,0.229576326981982,0.22957632309729,0.229576330211516,0.229576327357102,0.229576328734409,0.229576328012007,0.229576325599018,0.229576326500376,0.229576326921271,0.229576327042784,0.229576328048318,0.229576327352087,0.229576325995433,0.229576327537864,-0.263436446680589,-0.263436447247952,-0.263436458328104,-0.263436443576829,-0.26343644841572,-0.263436441940845,-0.263436443569502,-0.263436442971235,-0.263436447499065,-0.263436444066141,-0.263436444053935,-0.263436446220801,-0.263436443579149,-0.26343644296915,-0.263436440550639,-0.127474248099101,-0.127474248409342,-0.127474243875809,-0.127474248272665,-0.127474249337242,-0.127474247592547,-0.127474248037418,-0.127474248225045,-0.127474247787249,-0.127474248271274,-0.127474249395688,-0.127474248046414,-0.127474247609259,-0.12747424811363,-0.127474248177701
"71",0.263986186706869,0.263986186715762,0.263986186770544,0.263986187326918,0.263986187062319,0.263986189326448,0.263986187031641,0.263986187283255,0.26398618704946,0.263986186600074,0.263986186915669,0.263986186848212,0.263986187430723,0.263986186638093,0.263986186748588,0.048704083174899,0.0487040847757498,0.0487040799347799,0.0487041009040233,0.0487040879839342,0.0487040917974435,0.048704089908027,0.0487040826337203,0.0487040834033849,0.0487040849938079,0.04870408739478,0.0487040893079123,0.0487040879653698,0.048704083491881,0.0487040877416991,0.0890129323014952,0.0890129418679901,0.0890129387932442,0.0890129406730873,0.089012944371651,0.0890129410124699,0.0890129399544391,0.0890129434180509,0.0890129393642162,0.089012938607592,0.0890129437033773,0.0890129425336144,0.0890129417602034,0.089012943210463,0.0890129426456006,-0.40170321505982,-0.401703215051001,-0.401703215339809,-0.40170321505662,-0.401703215004122,-0.401703215072573,-0.401703215061431,-0.401703215057338,-0.401703215069545,-0.401703215056667,-0.401703215003232,-0.401703215061009,-0.401703215072339,-0.401703215059624,-0.401703215058351
"72",-0.173583812520559,-0.173583812505473,-0.173583812465325,-0.173583812029379,-0.173583812286613,-0.173583810941531,-0.173583812288336,-0.173583812094332,-0.173583812277251,-0.173583812614889,-0.173583812302219,-0.173583812383921,-0.173583811943652,-0.173583812594186,-0.173583812468878,0.0137852603223483,0.013785260970985,0.0137852587431133,0.0137852574380559,0.0137852605751225,0.0137852598105933,0.0137852597993427,0.01378526034145,0.0137852607526915,0.013785260794806,0.013785259723302,0.0137852601430587,0.0137852599676542,0.0137852602642004,0.0137852601752554,0.0316196928648127,0.031619688950371,0.031619683079139,0.0316196917270064,0.0316196875189771,0.0316196926484638,0.031619691973877,0.0316196911102884,0.0316196897388874,0.0316196917168787,0.0316196904535016,0.0316196893982132,0.0316196913442116,0.031619691219906,0.0316196928780635,0.128178861719747,0.128178861518679,0.128178864489649,0.128178861607487,0.128178860913731,0.128178862047948,0.128178861759811,0.128178861638304,0.128178861922102,0.128178861608523,0.128178860875541,0.128178861753975,0.128178862037085,0.128178861710357,0.128178861669028
"73",0.233797453875687,0.233797453831646,0.233797453658512,0.233797451847967,0.233797452802371,0.233797446242752,0.233797452860791,0.23379745204715,0.233797452808129,0.233797454243677,0.233797453094839,0.233797453367417,0.233797451500872,0.233797454136226,0.233797453704301,0.0639042555300524,0.0639042506791458,0.0639042643914307,0.063904232375943,0.0639042442148282,0.0639042418887096,0.0639042451651865,0.0639042559056043,0.0639042543974567,0.0639042508011557,0.0639042498939441,0.0639042452045176,0.0639042478558885,0.0639042551202085,0.0639042479881534,-0.264989347378752,-0.26498935455112,-0.264989356081719,-0.264989352425627,-0.264989356418595,-0.264989352207832,-0.26498935174969,-0.264989353777135,-0.264989352561782,-0.264989346621287,-0.2649893556223,-0.264989354521925,-0.26498935300646,-0.264989353958265,-0.264989352599958,-0.0327123492402471,-0.0327123492604605,-0.0327123482990792,-0.0327123492413154,-0.0327123494183355,-0.0327123492156779,-0.0327123492356924,-0.0327123492419922,-0.0327123492097277,-0.0327123492426974,-0.0327123494164327,-0.0327123492369425,-0.0327123492151861,-0.0327123492385586,-0.0327123492397697
"74",-0.0571452710303264,-0.0571452710250021,-0.0571452710053934,-0.0571452707951366,-0.0571452709040833,-0.0571452701176593,-0.0571452709111733,-0.0571452708185695,-0.0571452709048193,-0.0571452710722668,-0.0571452709420799,-0.0571452709724874,-0.0571452707553193,-0.0571452710594068,-0.0571452710106131,0.0616871061591585,0.0616871062980085,0.0616871051336022,0.0616871124221344,0.0616871063952116,0.0616871089244134,0.0616871083329058,0.0616871057300958,0.0616871063164071,0.0616871064262442,0.0616871076699569,0.0616871080132251,0.0616871075771839,0.0616871062658636,0.0616871076011628,-0.0924428499977112,-0.0924428454090056,-0.0924428572405143,-0.0924428426214203,-0.0924428438609123,-0.0924428409716035,-0.0924428429468493,-0.0924428400991394,-0.0924428466661618,-0.0924428417528306,-0.0924428416381584,-0.092442843774978,-0.0924428417499255,-0.0924428404056388,-0.0924428386707037,0.0879010073471395,0.0879010071445989,0.0879010103617307,0.0879010072382791,0.0879010064993292,0.0879010076747972,0.0879010073882422,0.0879010072678292,0.0879010075565814,0.0879010072386585,0.0879010064626434,0.0879010073821877,0.0879010076644157,0.0879010073390547,0.0879010072988282
"75",0.169643629237486,0.169643629297518,0.169643629509168,0.169643631748408,0.169643630538122,0.169643638408776,0.169643630480091,0.16964363148161,0.169643630543638,0.169643628776659,0.169643630235925,0.169643629881377,0.169643632179522,0.169643628903894,0.169643629461509,-0.0881324369598069,-0.0881324318380908,-0.0881324472734313,-0.0881324162688506,-0.0881324265334477,-0.0881324239914449,-0.0881324272082957,-0.0881324375098036,-0.0881324353511822,-0.0881324320889764,-0.0881324318429902,-0.0881324270176634,-0.0881324298138054,-0.0881324366085363,-0.088132429648132,-0.176862536390453,-0.176862530747286,-0.176862543438621,-0.176862527885464,-0.176862528534181,-0.176862526008901,-0.17686252847164,-0.176862525312461,-0.176862532423939,-0.176862532132127,-0.176862525501634,-0.176862528980149,-0.176862526984724,-0.176862525292919,-0.17686252383154,0.0953513299542257,0.0953513296622239,0.095351333647487,0.0953513297867876,0.0953513288292536,0.0953513304350129,0.095351330012696,0.0953513298332432,0.0953513302449635,0.0953513297889905,0.0953513287705808,0.0953513300045891,0.0953513304184413,0.095351329939681,0.0953513298786149
"76",-0.0584637165032307,-0.0584637164909661,-0.0584637164517679,-0.0584637160286383,-0.0584637162595822,-0.0584637147775974,-0.058463716268852,-0.0584637160820105,-0.0584637162568621,-0.0584637165903588,-0.0584637163123213,-0.0584637163806113,-0.0584637159474128,-0.0584637165667848,-0.0584637164594334,0.329149077979187,0.329149079193287,0.329149075970032,0.329149082939934,0.329149080938581,0.329149080943587,0.329149080234484,0.329149077981177,0.329149078230457,0.329149079130038,0.329149079148648,0.329149080283917,0.329149079694068,0.329149078064618,0.329149079663177,0.183655658911799,0.183655661150689,0.18365566552029,0.183655659278077,0.183655662572089,0.183655658643828,0.183655659080862,0.183655659562481,0.183655660778117,0.183655657814928,0.183655660450175,0.183655660894356,0.183655659530821,0.183655659603339,0.183655658254831,-0.454341023201511,-0.454341023071308,-0.454341025103102,-0.454341023130655,-0.454341022663591,-0.454341023413384,-0.454341023228365,-0.454341023150104,-0.454341023336179,-0.454341023131336,-0.454341022638221,-0.454341023224623,-0.454341023406372,-0.454341023196205,-0.454341023170488
"77",0.100408568847294,0.100408568879758,0.100408568977031,0.100408570019164,0.100408569425764,0.100408572827985,0.100408569411971,0.100408569877402,0.100408569439698,0.100408568626288,0.100408569345572,0.100408569162793,0.100408570222471,0.100408568679649,0.100408568962672,-0.26315675680983,-0.263156755003748,-0.263156760974527,-0.263156757310207,-0.263156754648044,-0.263156755370385,-0.263156755906505,-0.263156756891766,-0.263156755870255,-0.263156755313212,-0.26315675680887,-0.263156755379148,-0.263156756123549,-0.263156756838784,-0.263156755742249,-0.0029475185947532,-0.0029475237392006,-0.00294753271138734,-0.0029475195429296,-0.00294752378023555,-0.00294751809375568,-0.00294751926882042,-0.00294751991383685,-0.00294752236828498,-0.00294752055959602,-0.00294752066816883,-0.00294752259109898,-0.00294751972531582,-0.00294751971953827,-0.00294751774830194,0.165695707956114,0.165695707694565,0.165695711620989,0.165695707811393,0.165695706897354,0.165695708382624,0.165695708008934,0.165695707851122,0.165695708222014,0.165695707812795,0.165695706847116,0.165695708001362,0.165695708368497,0.16569570794445,0.16569570789146
"78",0.143498143936655,0.143498143942002,0.143498143980607,0.143498144366102,0.143498144185076,0.143498145760203,0.14349814416215,0.143498144338588,0.143498144174562,0.143498143862655,0.143498144078663,0.143498144033516,0.143498144438449,0.143498143889725,0.143498143964227,0.208510313092135,0.20851031443994,0.208510310799113,0.208510324030101,0.208510316910399,0.208510318738631,0.208510317459393,0.208510312877148,0.20851031323129,0.208510314535653,0.208510315721002,0.208510317182426,0.20851031628181,0.208510313294888,0.208510316075657,-0.134269771010546,-0.134269764516479,-0.134269766377055,-0.134269765455275,-0.134269763239663,-0.134269765266852,-0.134269765955373,-0.134269763686208,-0.134269766347032,-0.134269766844518,-0.134269763457196,-0.134269764196287,-0.134269764808259,-0.134269763830096,-0.134269764170317,-0.2177386945663,-0.217738694567591,-0.217738694727544,-0.217738694569684,-0.217738694545699,-0.217738694562028,-0.217738694566206,-0.217738694568516,-0.217738694567675,-0.217738694569336,-0.217738694547306,-0.217738694566077,-0.21773869456249,-0.217738694567042,-0.217738694568116
"79",0.276565466783612,0.276565466782776,0.276565466791049,0.276565466865415,0.276565466840659,0.276565467236193,0.276565466831732,0.276565466866844,0.276565466834592,0.276565466771679,0.276565466800817,0.276565466797211,0.27656546687791,0.276565466778129,0.276565466784793,-0.0842648751105329,-0.0842648745589595,-0.084264875774053,-0.0842648701270785,-0.0842648730395756,-0.0842648727196765,-0.084264873220567,-0.0842648751076115,-0.0842648751539278,-0.084264874513423,-0.0842648739730737,-0.0842648733615175,-0.084264873695943,-0.0842648750206767,-0.0842648738252492,0.0454039584490391,0.0454039605330313,0.0454039672539911,0.0454039579782553,0.0454039623424493,0.0454039570114194,0.0454039577997442,0.0454039580648568,0.0454039603479895,0.0454039563780995,0.0454039592465708,0.0454039600947359,0.0454039582357486,0.0454039581395636,0.0454039562573673,-0.237704552004641,-0.237704551810893,-0.237704554781694,-0.237704551898124,-0.237704551212263,-0.237704552319613,-0.237704552043408,-0.237704551927225,-0.237704552201486,-0.23770455189887,-0.237704551176277,-0.237704552037702,-0.237704552309382,-0.237704551996068,-0.237704551956761
"80",0.0655545645497908,0.0655545645487155,0.0655545645083633,0.0655545641207265,0.065554564276648,0.0655545624662486,0.0655545643112954,0.0655545641322407,0.0655545642973679,0.0655545646184333,0.0655545644350325,0.0655545644658427,0.0655545640507741,0.0655545645868389,0.0655545645321462,0.0605438497531005,0.0605438480515566,0.0605438525774057,0.0605438295984547,0.0605438439602449,0.0605438400846882,0.0605438421820272,0.0605438502049195,0.0605438497558709,0.0605438477662304,0.0605438449724315,0.0605438429016348,0.0605438442875913,0.0605438493807732,0.0605438447131583,0.0140224065825902,0.0140223936159354,0.0140223933894244,0.014022396710195,0.0140223904380974,0.0140223969168894,0.0140223976713196,0.0140223933856509,0.0140223970194834,0.0140223989294171,0.0140223926583166,0.0140223932794196,0.014022395372688,0.0140223936878009,0.0140223952380091,-0.140120805338187,-0.140120805456384,-0.140120803424278,-0.140120805400052,-0.140120805852527,-0.140120805148419,-0.14012080531421,-0.14012080538339,-0.140120805214819,-0.140120805399813,-0.140120805873415,-0.140120805317871,-0.140120805154283,-0.140120805342632,-0.14012080536551
